"dist","ID.1","ID.2","long.1","long.2","lat.1","lat.2","habitat.1","habitat.2","taxa.1","taxa.2","organisms.1","organisms.2","no_species.1","no_species.2","start_year.1","start_year.2","end_year.1","end_year.2","overlap.years","taxa.pairs"
0,120,122,-169.454,-169.454,10.778,10.778,"oceanic waters","pacific corals","Marine plants","Marine invertebrates","tropical algae","corals",260,209,2002,2007,2008,2010,1,"Marine plants-Marine invertebrates"
0,408,409,-71.558923,-71.558923,-31.415949,-31.415949,"Tidal flats","Tidal flats","Marine invertebrates","Fish","turf algae","fish",18,20,2012,2012,2013,2013,1,"Marine invertebrates-Fish"
0.965937794333679,458,459,13.31245,13.32112,49.07963,49.07306,"European forest","European forest","Terrestrial invertebrates","Birds","beetles","Birds",150,44,2008,2010,2011,2014,1,"Terrestrial invertebrates-Birds"
0.945410946889951,459,460,13.32112,13.31226,49.07306,49.07927,"European forest","European forest","Birds","Fungi","Birds","fungi",44,85,2010,2007,2014,2011,1,"Birds-Fungi"
0.896160200893103,459,461,13.32112,13.31312,49.07306,49.07918,"European forest","European forest","Birds","Fungi","Birds","lichens",44,20,2010,2007,2014,2011,1,"Birds-Fungi"
0.685077795998807,459,462,13.32112,13.31383,49.07306,49.07695,"European forest","European forest","Birds","Fungi","Birds","lichens",44,4,2010,2007,2014,2011,1,"Birds-Fungi"
0.708110334446145,459,463,13.32112,13.31423,49.07306,49.07755,"European forest","European forest","Birds","Terrestrial plants","Birds","moss",44,33,2010,2007,2014,2011,1,"Birds-Terrestrial plants"
0.396663803671986,459,464,13.32112,13.31771,49.07306,49.07584,"European forest","European forest","Birds","Terrestrial plants","Birds","moss",44,33,2010,2007,2014,2011,1,"Birds-Terrestrial plants"
3.14020126296364,459,541,13.32112,13.31019,49.07306,49.10037,"European forest","European forest","Birds","Terrestrial invertebrates","Birds","beetles",44,145,2010,2008,2014,2011,1,"Birds-Terrestrial invertebrates"
2.13690341692389,458,542,13.31245,13.30347,49.07963,49.09792,"European forest","European forest","Terrestrial invertebrates","Birds","beetles","Birds",150,42,2008,2010,2011,2014,1,"Terrestrial invertebrates-Birds"
2.170936115008,460,542,13.31226,13.30347,49.07927,49.09792,"European forest","European forest","Fungi","Birds","fungi","Birds",85,42,2007,2010,2011,2014,1,"Fungi-Birds"
2.19971296492875,461,542,13.31312,13.30347,49.07918,49.09792,"European forest","European forest","Fungi","Birds","lichens","Birds",20,42,2007,2010,2011,2014,1,"Fungi-Birds"
2.45146118677663,462,542,13.31383,13.30347,49.07695,49.09792,"European forest","European forest","Fungi","Birds","lichens","Birds",4,42,2007,2010,2011,2014,1,"Fungi-Birds"
2.3974200252316,463,542,13.31423,13.30347,49.07755,49.09792,"European forest","European forest","Terrestrial plants","Birds","moss","Birds",33,42,2007,2010,2011,2014,1,"Terrestrial plants-Birds"
2.66595365889231,464,542,13.31771,13.30347,49.07584,49.09792,"European forest","European forest","Terrestrial plants","Birds","moss","Birds",33,42,2007,2010,2011,2014,1,"Terrestrial plants-Birds"
0.56014256281166,541,542,13.31019,13.30347,49.10037,49.09792,"European forest","European forest","Terrestrial invertebrates","Birds","beetles","Birds",145,42,2008,2010,2011,2014,1,"Terrestrial invertebrates-Birds"
3.12288716039371,459,543,13.32112,13.31043,49.07306,49.10025,"European forest","European forest","Birds","Fungi","Birds","fungi",44,74,2010,2007,2014,2011,1,"Birds-Fungi"
0.569277472522422,542,543,13.30347,13.31043,49.09792,49.10025,"European forest","European forest","Birds","Fungi","Birds","fungi",42,74,2010,2007,2014,2011,1,"Birds-Fungi"
3.14745583281236,459,544,13.32112,13.30986,49.07306,49.10038,"European forest","European forest","Birds","Fungi","Birds","lichens",44,25,2010,2007,2014,2011,1,"Birds-Fungi"
0.539835359775493,542,544,13.30347,13.30986,49.09792,49.10038,"European forest","European forest","Birds","Fungi","Birds","lichens",42,25,2010,2007,2014,2011,1,"Birds-Fungi"
3.13853203250245,459,545,13.32112,13.30543,49.07306,49.09934,"European forest","European forest","Birds","Fungi","Birds","lichens",44,7,2010,2007,2014,2011,1,"Birds-Fungi"
0.212885209667357,542,545,13.30347,13.30543,49.09792,49.09934,"European forest","European forest","Birds","Fungi","Birds","lichens",42,7,2010,2007,2014,2011,1,"Birds-Fungi"
3.13595834639894,459,546,13.32112,13.31091,49.07306,49.10045,"European forest","European forest","Birds","Terrestrial plants","Birds","moss",44,23,2010,2007,2014,2011,1,"Birds-Terrestrial plants"
0.610539892232198,542,546,13.30347,13.31091,49.09792,49.10045,"European forest","European forest","Birds","Terrestrial plants","Birds","moss",42,23,2010,2007,2014,2011,1,"Birds-Terrestrial plants"
3.13749011464427,459,547,13.32112,13.30727,49.07306,49.09977,"European forest","European forest","Birds","Terrestrial plants","Birds","moss",44,32,2010,2007,2014,2011,1,"Birds-Terrestrial plants"
0.344855491509478,542,547,13.30347,13.30727,49.09792,49.09977,"European forest","European forest","Birds","Terrestrial plants","Birds","moss",42,32,2010,2007,2014,2011,1,"Birds-Terrestrial plants"
0,239,366,-106.88,-106.88,34.35,34.35,"Desert/ Grassland","Mixed","Terrestrial plants","Mammals","Woodland vegetation","rodents",123,24,1999,1989,2001,2013,2,"Terrestrial plants-Mammals"
1.52827596291855,459,465,13.32112,13.30759,49.07306,49.08356,"European forest","European forest","Birds","Terrestrial plants","Birds","plants",44,45,2010,2007,2014,2012,2,"Birds-Terrestrial plants"
4.07709777547489,60,515,-79.8465,-79.872578,9.1521,9.178193,"Tropical forest","Isthmian-Atlantic Moist Forests","Terrestrial plants","Mammals","tropical woody plants","bats",325,43,1982,2003,2015,2005,2,"Terrestrial plants-Mammals"
1.6251567589993,465,542,13.30759,13.30347,49.08356,49.09792,"European forest","European forest","Terrestrial plants","Birds","plants","Birds",45,42,2007,2010,2012,2014,2,"Terrestrial plants-Birds"
3.17270218553092,459,548,13.32112,13.30901,49.07306,49.10046,"European forest","European forest","Birds","Terrestrial plants","Birds","plants",44,35,2010,2007,2014,2012,2,"Birds-Terrestrial plants"
0.492533822140465,542,548,13.30347,13.30901,49.09792,49.10046,"European forest","European forest","Birds","Terrestrial plants","Birds","plants",42,35,2010,2007,2014,2012,2,"Birds-Terrestrial plants"
0,121,122,-169.454,-169.454,10.778,10.778,"Reef","pacific corals","Fish","Marine invertebrates","reef fish","corals",148,209,2000,2007,2010,2010,3,"Fish-Marine invertebrates"
0,227,228,-74.133736,-74.133736,39.787579,39.787579,"Estuarine and coastal waters","Estuarine and coastal waters","Fish","Benthos","Demersal Fish","Benthos",107,762,1990,1990,1993,1993,3,"Fish-Benthos"
0.0423666186604086,458,460,13.31245,13.31226,49.07963,49.07927,"European forest","European forest","Terrestrial invertebrates","Fungi","beetles","fungi",150,85,2008,2007,2011,2011,3,"Terrestrial invertebrates-Fungi"
0.0699132009765362,458,461,13.31245,13.31312,49.07963,49.07918,"European forest","European forest","Terrestrial invertebrates","Fungi","beetles","lichens",150,20,2008,2007,2011,2011,3,"Terrestrial invertebrates-Fungi"
0.314585727110915,458,462,13.31245,13.31383,49.07963,49.07695,"European forest","European forest","Terrestrial invertebrates","Fungi","beetles","lichens",150,4,2008,2007,2011,2011,3,"Terrestrial invertebrates-Fungi"
0.265218633551652,458,463,13.31245,13.31423,49.07963,49.07755,"European forest","European forest","Terrestrial invertebrates","Terrestrial plants","beetles","moss",150,33,2008,2007,2011,2011,3,"Terrestrial invertebrates-Terrestrial plants"
0.569707196334481,458,464,13.31245,13.31771,49.07963,49.07584,"European forest","European forest","Terrestrial invertebrates","Terrestrial plants","beetles","moss",150,33,2008,2007,2011,2011,3,"Terrestrial invertebrates-Terrestrial plants"
0.562521372838516,458,465,13.31245,13.30759,49.07963,49.08356,"European forest","European forest","Terrestrial invertebrates","Terrestrial plants","beetles","plants",150,45,2008,2007,2011,2012,3,"Terrestrial invertebrates-Terrestrial plants"
2.35171348578359,460,541,13.31226,13.31019,49.07927,49.10037,"European forest","European forest","Fungi","Terrestrial invertebrates","fungi","beetles",85,145,2007,2008,2011,2011,3,"Fungi-Terrestrial invertebrates"
2.36652841069914,461,541,13.31312,13.31019,49.07918,49.10037,"European forest","European forest","Fungi","Terrestrial invertebrates","lichens","beetles",20,145,2007,2008,2011,2011,3,"Fungi-Terrestrial invertebrates"
2.61837899315638,462,541,13.31383,13.31019,49.07695,49.10037,"European forest","European forest","Fungi","Terrestrial invertebrates","lichens","beetles",4,145,2007,2008,2011,2011,3,"Fungi-Terrestrial invertebrates"
2.55518646592876,463,541,13.31423,13.31019,49.07755,49.10037,"European forest","European forest","Terrestrial plants","Terrestrial invertebrates","moss","beetles",33,145,2007,2008,2011,2011,3,"Terrestrial plants-Terrestrial invertebrates"
2.78282538893757,464,541,13.31771,13.31019,49.07584,49.10037,"European forest","European forest","Terrestrial plants","Terrestrial invertebrates","moss","beetles",33,145,2007,2008,2011,2011,3,"Terrestrial plants-Terrestrial invertebrates"
1.87928010772632,465,541,13.30759,13.31019,49.08356,49.10037,"European forest","European forest","Terrestrial plants","Terrestrial invertebrates","plants","beetles",45,145,2007,2008,2012,2011,3,"Terrestrial plants-Terrestrial invertebrates"
2.29820118784107,458,543,13.31245,13.31043,49.07963,49.10025,"European forest","European forest","Terrestrial invertebrates","Fungi","beetles","fungi",150,74,2008,2007,2011,2011,3,"Terrestrial invertebrates-Fungi"
0.0219913219371129,541,543,13.31019,13.31043,49.10037,49.10025,"European forest","European forest","Terrestrial invertebrates","Fungi","beetles","fungi",145,74,2008,2007,2011,2011,3,"Terrestrial invertebrates-Fungi"
2.31564332807514,458,544,13.31245,13.30986,49.07963,49.10038,"European forest","European forest","Terrestrial invertebrates","Fungi","beetles","lichens",150,25,2008,2007,2011,2011,3,"Terrestrial invertebrates-Fungi"
0.0240575965886178,541,544,13.31019,13.30986,49.10037,49.10038,"European forest","European forest","Terrestrial invertebrates","Fungi","beetles","lichens",145,25,2008,2007,2011,2011,3,"Terrestrial invertebrates-Fungi"
2.25111393612131,458,545,13.31245,13.30543,49.07963,49.09934,"European forest","European forest","Terrestrial invertebrates","Fungi","beetles","lichens",150,7,2008,2007,2011,2011,3,"Terrestrial invertebrates-Fungi"
0.365085706741748,541,545,13.31019,13.30543,49.10037,49.09934,"European forest","European forest","Terrestrial invertebrates","Fungi","beetles","lichens",145,7,2008,2007,2011,2011,3,"Terrestrial invertebrates-Fungi"
2.3184468501688,458,546,13.31245,13.31091,49.07963,49.10045,"European forest","European forest","Terrestrial invertebrates","Terrestrial plants","beetles","moss",150,23,2008,2007,2011,2011,3,"Terrestrial invertebrates-Terrestrial plants"
0.0531827982439746,541,546,13.31019,13.31091,49.10037,49.10045,"European forest","European forest","Terrestrial invertebrates","Terrestrial plants","beetles","moss",145,23,2008,2007,2011,2011,3,"Terrestrial invertebrates-Terrestrial plants"
2.2716513730088,458,547,13.31245,13.30727,49.07963,49.09977,"European forest","European forest","Terrestrial invertebrates","Terrestrial plants","beetles","moss",150,32,2008,2007,2011,2011,3,"Terrestrial invertebrates-Terrestrial plants"
0.222873039062151,541,547,13.31019,13.30727,49.10037,49.09977,"European forest","European forest","Terrestrial invertebrates","Terrestrial plants","beetles","moss",145,32,2008,2007,2011,2011,3,"Terrestrial invertebrates-Terrestrial plants"
2.33035389473597,458,548,13.31245,13.30901,49.07963,49.10046,"European forest","European forest","Terrestrial invertebrates","Terrestrial plants","beetles","plants",150,35,2008,2007,2011,2012,3,"Terrestrial invertebrates-Terrestrial plants"
0.0865131728230207,541,548,13.31019,13.30901,49.10037,49.10046,"European forest","European forest","Terrestrial invertebrates","Terrestrial plants","beetles","plants",145,35,2008,2007,2011,2012,3,"Terrestrial invertebrates-Terrestrial plants"
0.239163280796966,460,463,13.31226,13.31423,49.07927,49.07755,"European forest","European forest","Fungi","Terrestrial plants","fungi","moss",85,33,2007,2007,2011,2011,4,"Fungi-Terrestrial plants"
0.198517735826842,461,463,13.31312,13.31423,49.07918,49.07755,"European forest","European forest","Fungi","Terrestrial plants","lichens","moss",20,33,2007,2007,2011,2011,4,"Fungi-Terrestrial plants"
0.0728216018357618,462,463,13.31383,13.31423,49.07695,49.07755,"European forest","European forest","Fungi","Terrestrial plants","lichens","moss",4,33,2007,2007,2011,2011,4,"Fungi-Terrestrial plants"
0.550648282717972,460,464,13.31226,13.31771,49.07927,49.07584,"European forest","European forest","Fungi","Terrestrial plants","fungi","moss",85,33,2007,2007,2011,2011,4,"Fungi-Terrestrial plants"
0.499842841273094,461,464,13.31312,13.31771,49.07918,49.07584,"European forest","European forest","Fungi","Terrestrial plants","lichens","moss",20,33,2007,2007,2011,2011,4,"Fungi-Terrestrial plants"
0.308476942164328,462,464,13.31383,13.31771,49.07695,49.07584,"European forest","European forest","Fungi","Terrestrial plants","lichens","moss",4,33,2007,2007,2011,2011,4,"Fungi-Terrestrial plants"
0.586029249508719,460,465,13.31226,13.30759,49.07927,49.08356,"European forest","European forest","Fungi","Terrestrial plants","fungi","plants",85,45,2007,2007,2011,2012,4,"Fungi-Terrestrial plants"
0.632170945269609,461,465,13.31312,13.30759,49.07918,49.08356,"European forest","European forest","Fungi","Terrestrial plants","lichens","plants",20,45,2007,2007,2011,2012,4,"Fungi-Terrestrial plants"
0.864403501856404,462,465,13.31383,13.30759,49.07695,49.08356,"European forest","European forest","Fungi","Terrestrial plants","lichens","plants",4,45,2007,2007,2011,2012,4,"Fungi-Terrestrial plants"
2.72411881517551,236,535,-96.5586,-96.59015,39.0931,39.0936,"Pool / riffle in tallgrass prairie","Tallgrass prairie","Fish","Terrestrial invertebrates","Fish","Acrididae (grasshoppers)",19,46,1995,2002,2006,2018,4,"Fish-Terrestrial invertebrates"
4.32461804600626,236,537,-96.5586,-96.6059,39.0931,39.0803,"Pool / riffle in tallgrass prairie","Tallgrass prairie","Fish","Terrestrial invertebrates","Fish","Acrididae (grasshoppers)",19,45,1995,2002,2006,2018,4,"Fish-Terrestrial invertebrates"
3.46591994342208,236,539,-96.5586,-96.59865,39.0931,39.0953,"Pool / riffle in tallgrass prairie","Tallgrass prairie","Fish","Terrestrial invertebrates","Fish","Acrididae (grasshoppers)",19,43,1995,2002,2006,2018,4,"Fish-Terrestrial invertebrates"
2.53996413687103,463,543,13.31423,13.31043,49.07755,49.10025,"European forest","European forest","Terrestrial plants","Fungi","moss","fungi",33,74,2007,2007,2011,2011,4,"Terrestrial plants-Fungi"
2.76633639042949,464,543,13.31771,13.31043,49.07584,49.10025,"European forest","European forest","Terrestrial plants","Fungi","moss","fungi",33,74,2007,2007,2011,2011,4,"Terrestrial plants-Fungi"
1.8678564155281,465,543,13.30759,13.31043,49.08356,49.10025,"European forest","European forest","Terrestrial plants","Fungi","plants","fungi",45,74,2007,2007,2012,2011,4,"Terrestrial plants-Fungi"
2.55916986634154,463,544,13.31423,13.30986,49.07755,49.10038,"European forest","European forest","Terrestrial plants","Fungi","moss","lichens",33,25,2007,2007,2011,2011,4,"Terrestrial plants-Fungi"
2.78874522074589,464,544,13.31771,13.30986,49.07584,49.10038,"European forest","European forest","Terrestrial plants","Fungi","moss","lichens",33,25,2007,2007,2011,2011,4,"Terrestrial plants-Fungi"
1.87811829761904,465,544,13.30759,13.30986,49.08356,49.10038,"European forest","European forest","Terrestrial plants","Fungi","plants","lichens",45,25,2007,2007,2012,2011,4,"Terrestrial plants-Fungi"
2.50695546796478,463,545,13.31423,13.30543,49.07755,49.09934,"European forest","European forest","Terrestrial plants","Fungi","moss","lichens",33,7,2007,2007,2011,2011,4,"Terrestrial plants-Fungi"
2.76264160409415,464,545,13.31771,13.30543,49.07584,49.09934,"European forest","European forest","Terrestrial plants","Fungi","moss","lichens",33,7,2007,2007,2011,2011,4,"Terrestrial plants-Fungi"
1.7621882495797,465,545,13.30759,13.30543,49.08356,49.09934,"European forest","European forest","Terrestrial plants","Fungi","plants","lichens",45,7,2007,2007,2012,2011,4,"Terrestrial plants-Fungi"
2.35782453243453,460,546,13.31226,13.31091,49.07927,49.10045,"European forest","European forest","Fungi","Terrestrial plants","fungi","moss",85,23,2007,2007,2011,2011,4,"Fungi-Terrestrial plants"
2.37125380201112,461,546,13.31312,13.31091,49.07918,49.10045,"European forest","European forest","Fungi","Terrestrial plants","lichens","moss",20,23,2007,2007,2011,2011,4,"Fungi-Terrestrial plants"
2.6224578020552,462,546,13.31383,13.31091,49.07695,49.10045,"European forest","European forest","Fungi","Terrestrial plants","lichens","moss",4,23,2007,2007,2011,2011,4,"Fungi-Terrestrial plants"
0.0414335162663682,543,546,13.31043,13.31091,49.10025,49.10045,"European forest","European forest","Fungi","Terrestrial plants","fungi","moss",74,23,2007,2007,2011,2011,4,"Fungi-Terrestrial plants"
0.0768603465825727,544,546,13.30986,13.31091,49.10038,49.10045,"European forest","European forest","Fungi","Terrestrial plants","lichens","moss",25,23,2007,2007,2011,2011,4,"Fungi-Terrestrial plants"
0.417739595438221,545,546,13.30543,13.31091,49.09934,49.10045,"European forest","European forest","Fungi","Terrestrial plants","lichens","moss",7,23,2007,2007,2011,2011,4,"Fungi-Terrestrial plants"
2.30892742510896,460,547,13.31226,13.30727,49.07927,49.09977,"European forest","European forest","Fungi","Terrestrial plants","fungi","moss",85,32,2007,2007,2011,2011,4,"Fungi-Terrestrial plants"
2.32945437554294,461,547,13.31312,13.30727,49.07918,49.09977,"European forest","European forest","Fungi","Terrestrial plants","lichens","moss",20,32,2007,2007,2011,2011,4,"Fungi-Terrestrial plants"
2.58277189416926,462,547,13.31383,13.30727,49.07695,49.09977,"European forest","European forest","Fungi","Terrestrial plants","lichens","moss",4,32,2007,2007,2011,2011,4,"Fungi-Terrestrial plants"
0.236236936624367,543,547,13.31043,13.30727,49.10025,49.09977,"European forest","European forest","Fungi","Terrestrial plants","fungi","moss",74,32,2007,2007,2011,2011,4,"Fungi-Terrestrial plants"
0.200446860290396,544,547,13.30986,13.30727,49.10038,49.09977,"European forest","European forest","Fungi","Terrestrial plants","lichens","moss",25,32,2007,2007,2011,2011,4,"Fungi-Terrestrial plants"
0.142277695789796,545,547,13.30543,13.30727,49.09934,49.09977,"European forest","European forest","Fungi","Terrestrial plants","lichens","moss",7,32,2007,2007,2011,2011,4,"Fungi-Terrestrial plants"
2.36874414562563,460,548,13.31226,13.30901,49.07927,49.10046,"European forest","European forest","Fungi","Terrestrial plants","fungi","plants",85,35,2007,2007,2011,2012,4,"Fungi-Terrestrial plants"
2.38575309772021,461,548,13.31312,13.30901,49.07918,49.10046,"European forest","European forest","Fungi","Terrestrial plants","lichens","plants",20,35,2007,2007,2011,2012,4,"Fungi-Terrestrial plants"
2.63839493957454,462,548,13.31383,13.30901,49.07695,49.10046,"European forest","European forest","Fungi","Terrestrial plants","lichens","plants",4,35,2007,2007,2011,2012,4,"Fungi-Terrestrial plants"
0.106015015942313,543,548,13.31043,13.30901,49.10025,49.10046,"European forest","European forest","Fungi","Terrestrial plants","fungi","plants",74,35,2007,2007,2011,2012,4,"Fungi-Terrestrial plants"
0.0625364950597182,544,548,13.30986,13.30901,49.10038,49.10046,"European forest","European forest","Fungi","Terrestrial plants","lichens","plants",25,35,2007,2007,2011,2012,4,"Fungi-Terrestrial plants"
0.288945035953621,545,548,13.30543,13.30901,49.09934,49.10046,"European forest","European forest","Fungi","Terrestrial plants","lichens","plants",7,35,2007,2007,2011,2012,4,"Fungi-Terrestrial plants"
0,120,121,-169.454,-169.454,10.778,10.778,"oceanic waters","Reef","Marine plants","Fish","tropical algae","reef fish",260,148,2002,2000,2008,2010,6,"Marine plants-Fish"
9.02157917083129,305,332,-83.5,-83.4319,35,35.0589,"Appalachian mountains","Mountain stream","Amphibians","Fish","salamanders","Stream fish",4,14,1976,1984,1990,1995,6,"Amphibians-Fish"
1.28480805139697,333,535,-96.58333,-96.59015,39.083333,39.0936,"Tallgrass prairie gallery forest and riparian edge","Tallgrass prairie","Birds","Terrestrial invertebrates","birds","Acrididae (grasshoppers)",132,46,1981,2002,2009,2018,7,"Birds-Terrestrial invertebrates"
1.97765695254128,333,537,-96.58333,-96.6059,39.083333,39.0803,"Tallgrass prairie gallery forest and riparian edge","Tallgrass prairie","Birds","Terrestrial invertebrates","birds","Acrididae (grasshoppers)",132,45,1981,2002,2009,2018,7,"Birds-Terrestrial invertebrates"
1.87640122748906,333,539,-96.58333,-96.59865,39.083333,39.0953,"Tallgrass prairie gallery forest and riparian edge","Tallgrass prairie","Birds","Terrestrial invertebrates","birds","Acrididae (grasshoppers)",132,43,1981,2002,2009,2018,7,"Birds-Terrestrial invertebrates"
0,295,296,139.183766,139.183766,-33.051303,-33.051303,"Coastal habitats","Coastal habitats","Fish","Marine invertebrates","reef fish","invertebrates and some cryptic fish",450,412,2008,2008,2016,2016,8,"Fish-Marine invertebrates"
9.24073147575578,433,491,-149.384327,-149.61,68.631732,68.62,"Lakes","Low","Freshwater invertebrates","Terrestrial plants","Zooplankton","plants",18,86,1983,1994,2002,2008,8,"Freshwater invertebrates-Terrestrial plants"
0.000237127660594496,300,307,-85.383181,-85.38318,42.408852,42.40885,"Biological Station","Seed bank","Terrestrial invertebrates","Terrestrial plants","insects","seeds",21,83,1989,1993,2013,2002,9,"Terrestrial invertebrates-Terrestrial plants"
0,366,471,-106.88,-106.88,34.35,34.35,"Mixed","Desert Wildlife Refuge","Mammals","Terrestrial plants","rodents","grasses",24,162,1989,2004,2013,2013,9,"Mammals-Terrestrial plants"
0,224,313,-93.2,-93.2,45.4,45.4,"Savanna/ Tallgrass prairie","Savanna/ Tallgrass prairie","Terrestrial plants","Terrestrial invertebrates","Shrub","Grasshoppers",50,61,1995,1989,2005,2006,10,"Terrestrial plants-Terrestrial invertebrates"
0,240,366,-106.88,-106.88,34.35,34.35,"Desert/ Grassland","Mixed","Terrestrial plants","Mammals","Woodland vegetation","rodents",167,24,2003,1989,2015,2013,10,"Terrestrial plants-Mammals"
1.61868622573919,236,301,-96.5586,-96.557,39.0931,39.0786,"Pool / riffle in tallgrass prairie","Tallgrass prairie","Fish","Terrestrial invertebrates","Fish","Acrididae (grasshoppers)",19,33,1995,1984,2006,2018,11,"Fish-Terrestrial invertebrates"
2.39569524918068,236,311,-96.5586,-96.583333,39.0931,39.083333,"Pool / riffle in tallgrass prairie","Tallgrass prairie","Fish","Mammals","Fish","Small mammals",19,15,1995,1981,2006,2013,11,"Fish-Mammals"
2.39546441686678,236,333,-96.5586,-96.58333,39.0931,39.083333,"Pool / riffle in tallgrass prairie","Tallgrass prairie gallery forest and riparian edge","Fish","Birds","Fish","birds",19,132,1995,1981,2006,2009,11,"Fish-Birds"
2.39546441686678,236,355,-96.5586,-96.58333,39.0931,39.083333,"Pool / riffle in tallgrass prairie","Prairie","Fish","Terrestrial plants","Fish","plants",19,324,1995,1983,2006,2015,11,"Fish-Terrestrial plants"
3.48623638622577,236,528,-96.5586,-96.58755,39.0931,39.07125,"Pool / riffle in tallgrass prairie","Tallgrass prairie","Fish","Terrestrial invertebrates","Fish","Acrididae (grasshoppers)",19,41,1995,1984,2006,2018,11,"Fish-Terrestrial invertebrates"
2.25043842692826,236,529,-96.5586,-96.5672,39.0931,39.074,"Pool / riffle in tallgrass prairie","Tallgrass prairie","Fish","Terrestrial invertebrates","Fish","Acrididae (grasshoppers)",19,40,1995,1985,2006,2018,11,"Fish-Terrestrial invertebrates"
1.64390195297959,236,530,-96.5586,-96.5626,39.0931,39.07865,"Pool / riffle in tallgrass prairie","Tallgrass prairie","Fish","Terrestrial invertebrates","Fish","Acrididae (grasshoppers)",19,38,1995,1982,2006,2018,11,"Fish-Terrestrial invertebrates"
2.63026065226169,236,531,-96.5586,-96.56263,39.0931,39.06966,"Pool / riffle in tallgrass prairie","Tallgrass prairie","Fish","Terrestrial invertebrates","Fish","Acrididae (grasshoppers)",19,40,1995,1987,2006,2018,11,"Fish-Terrestrial invertebrates"
3.95073202122639,236,532,-96.5586,-96.59795,39.0931,39.07497,"Pool / riffle in tallgrass prairie","Tallgrass prairie","Fish","Terrestrial invertebrates","Fish","Acrididae (grasshoppers)",19,41,1995,1982,2006,2018,11,"Fish-Terrestrial invertebrates"
2.40161319501804,236,533,-96.5586,-96.5712,39.0931,39.07385,"Pool / riffle in tallgrass prairie","Tallgrass prairie","Fish","Terrestrial invertebrates","Fish","Acrididae (grasshoppers)",19,36,1995,1984,2006,2018,11,"Fish-Terrestrial invertebrates"
2.80590048080979,236,534,-96.5586,-96.57745,39.0931,39.07255,"Pool / riffle in tallgrass prairie","Tallgrass prairie","Fish","Terrestrial invertebrates","Fish","Acrididae (grasshoppers)",19,34,1995,1982,2006,2018,11,"Fish-Terrestrial invertebrates"
1.28468938592437,311,535,-96.583333,-96.59015,39.083333,39.0936,"Tallgrass prairie","Tallgrass prairie","Mammals","Terrestrial invertebrates","Small mammals","Acrididae (grasshoppers)",15,46,1981,2002,2013,2018,11,"Mammals-Terrestrial invertebrates"
1.7129518804951,236,536,-96.5586,-96.57135,39.0931,39.0813,"Pool / riffle in tallgrass prairie","Tallgrass prairie","Fish","Terrestrial invertebrates","Fish","Acrididae (grasshoppers)",19,43,1995,1982,2006,2018,11,"Fish-Terrestrial invertebrates"
1.97740173215368,311,537,-96.583333,-96.6059,39.083333,39.0803,"Tallgrass prairie","Tallgrass prairie","Mammals","Terrestrial invertebrates","Small mammals","Acrididae (grasshoppers)",15,45,1981,2002,2013,2018,11,"Mammals-Terrestrial invertebrates"
2.59925007200497,236,538,-96.5586,-96.5834,39.0931,39.07985,"Pool / riffle in tallgrass prairie","Tallgrass prairie","Fish","Terrestrial invertebrates","Fish","Acrididae (grasshoppers)",19,44,1995,1982,2006,2018,11,"Fish-Terrestrial invertebrates"
1.87621868880798,311,539,-96.583333,-96.59865,39.083333,39.0953,"Tallgrass prairie","Tallgrass prairie","Mammals","Terrestrial invertebrates","Small mammals","Acrididae (grasshoppers)",15,43,1981,2002,2013,2018,11,"Mammals-Terrestrial invertebrates"
1.24399291394762,236,540,-96.5586,-96.57055,39.0931,39.08685,"Pool / riffle in tallgrass prairie","Tallgrass prairie","Fish","Terrestrial invertebrates","Fish","Acrididae (grasshoppers)",19,41,1995,1982,2006,2018,11,"Fish-Terrestrial invertebrates"
0.405244140038548,272,359,-119.87585,-119.874156,34.305542,34.308906,"Rocky subtidal","Mixed","Marine invertebrates","Fish","Echinodermata Cnidaria Mollusca Annelida Chordata Porifera","Fish",36,61,2000,2000,2014,2012,12,"Marine invertebrates-Fish"
0.405244140038548,273,359,-119.87585,-119.874156,34.305542,34.308906,"Rocky subtidal","Mixed","Marine invertebrates","Fish","Echinodermata Mollusca Arthropoda Cnidaria","Fish",27,61,2000,2000,2014,2012,12,"Marine invertebrates-Fish"
0.368547563823796,274,359,-119.874919,-119.874156,34.305653,34.308906,"Rocky subtidal","Mixed","All","Fish","Cnidaria Chordata Arthropoda Rhodophyta Ectoprocta Phaeophyta Entoprocta Chlorophyta Mollusc","Fish",132,61,2000,2000,2014,2012,12,"All-Fish"
2.78423612933649,433,509,-149.384327,-149.445,68.631732,68.62,"Lakes","Low","Freshwater invertebrates","Terrestrial plants","Zooplankton","plants",18,218,1983,1989,2002,2008,13,"Freshwater invertebrates-Terrestrial plants"
1.28480805139697,355,535,-96.58333,-96.59015,39.083333,39.0936,"Prairie","Tallgrass prairie","Terrestrial plants","Terrestrial invertebrates","plants","Acrididae (grasshoppers)",324,46,1983,2002,2015,2018,13,"Terrestrial plants-Terrestrial invertebrates"
1.97765695254128,355,537,-96.58333,-96.6059,39.083333,39.0803,"Prairie","Tallgrass prairie","Terrestrial plants","Terrestrial invertebrates","plants","Acrididae (grasshoppers)",324,45,1983,2002,2015,2018,13,"Terrestrial plants-Terrestrial invertebrates"
1.87640122748906,355,539,-96.58333,-96.59865,39.083333,39.0953,"Prairie","Tallgrass prairie","Terrestrial plants","Terrestrial invertebrates","plants","Acrididae (grasshoppers)",324,43,1983,2002,2015,2018,13,"Terrestrial plants-Terrestrial invertebrates"
0.0864245672158552,271,272,-119.874919,-119.87585,34.305653,34.305542,"Rocky subtidal","Rocky subtidal","Fish","Marine invertebrates","Chondrichthyes and Osteichthyes","Echinodermata Cnidaria Mollusca Annelida Chordata Porifera",62,36,2000,2000,2014,2014,14,"Fish-Marine invertebrates"
0.0864245672158552,271,273,-119.874919,-119.87585,34.305653,34.305542,"Rocky subtidal","Rocky subtidal","Fish","Marine invertebrates","Chondrichthyes and Osteichthyes","Echinodermata Mollusca Arthropoda Cnidaria",62,27,2000,2000,2014,2014,14,"Fish-Marine invertebrates"
0,271,274,-119.874919,-119.874919,34.305653,34.305653,"Rocky subtidal","Rocky subtidal","Fish","All","Chondrichthyes and Osteichthyes","Cnidaria Chordata Arthropoda Rhodophyta Ectoprocta Phaeophyta Entoprocta Chlorophyta Mollusc",62,132,2000,2000,2014,2014,14,"Fish-All"
0.0864245672158552,272,274,-119.87585,-119.874919,34.305542,34.305653,"Rocky subtidal","Rocky subtidal","Marine invertebrates","All","Echinodermata Cnidaria Mollusca Annelida Chordata Porifera","Cnidaria Chordata Arthropoda Rhodophyta Ectoprocta Phaeophyta Entoprocta Chlorophyta Mollusc",36,132,2000,2000,2014,2014,14,"Marine invertebrates-All"
0.0864245672158552,273,274,-119.87585,-119.874919,34.305542,34.305653,"Rocky subtidal","Rocky subtidal","Marine invertebrates","All","Echinodermata Mollusca Arthropoda Cnidaria","Cnidaria Chordata Arthropoda Rhodophyta Ectoprocta Phaeophyta Entoprocta Chlorophyta Mollusc",27,132,2000,2000,2014,2014,14,"Marine invertebrates-All"
7.38085858163686,340,366,-106.9267,-106.88,34.296,34.35,"creosotebush site and grassland site","Mixed","Terrestrial plants","Mammals","Plants","rodents",93,24,1995,1989,2009,2013,14,"Terrestrial plants-Mammals"
7.83808377090916,54,58,-65.5,-65.43,18.1667,18.19,"Tropical forest","Long term monitoring site","Terrestrial invertebrates","Birds","land snails","birds",19,31,1991,1991,2014,2008,17,"Terrestrial invertebrates-Birds"
4.93121975973834,39,235,-71.75,-71.735314,43.91,43.953055,"Deciduous forest","Deciduous forest","Birds","Terrestrial plants","birds","Trees",52,18,1970,1982,2015,1999,17,"Birds-Terrestrial plants"
7.7577649154199,334,433,-149.575656,-149.384327,68.629636,68.631732,"moist acidic tussock tundra","Lakes","Terrestrial plants","Freshwater invertebrates","plants","Zooplankton",40,18,1982,1983,2000,2002,17,"Terrestrial plants-Freshwater invertebrates"
1.54998394749692,238,254,-89.3971,-89.383155,43.0716,43.08111,"Temperate lake","Temperate lake","Freshwater invertebrates","Freshwater plants","Zooplanton","Phytoplankton",32,374,1995,1995,2014,2014,19,"Freshwater invertebrates-Freshwater plants"
7.85320848940662,433,492,-149.384327,-149.578,68.631732,68.6295,"Lakes","Low","Freshwater invertebrates","Terrestrial plants","Zooplankton","plants",18,30,1983,1982,2002,2006,19,"Freshwater invertebrates-Terrestrial plants"
4.90630067740765,39,234,-71.75,-71.739556,43.91,43.953465,"Deciduous forest","Deciduous forest","Birds","Terrestrial plants","birds","Trees",52,15,1970,1982,2015,2002,20,"Birds-Terrestrial plants"
2.34679656529818,333,531,-96.58333,-96.56263,39.083333,39.06966,"Tallgrass prairie gallery forest and riparian edge","Tallgrass prairie","Birds","Terrestrial invertebrates","birds","Acrididae (grasshoppers)",132,40,1981,1987,2009,2018,22,"Birds-Terrestrial invertebrates"
1.7370213655644,333,529,-96.58333,-96.5672,39.083333,39.074,"Tallgrass prairie gallery forest and riparian edge","Tallgrass prairie","Birds","Terrestrial invertebrates","birds","Acrididae (grasshoppers)",132,40,1981,1985,2009,2018,24,"Birds-Terrestrial invertebrates"
2.33349112753531,301,333,-96.557,-96.58333,39.0786,39.083333,"Tallgrass prairie","Tallgrass prairie gallery forest and riparian edge","Terrestrial invertebrates","Birds","Acrididae (grasshoppers)","birds",33,132,1984,1981,2018,2009,25,"Terrestrial invertebrates-Birds"
1.39246659629346,333,528,-96.58333,-96.58755,39.083333,39.07125,"Tallgrass prairie gallery forest and riparian edge","Tallgrass prairie","Birds","Terrestrial invertebrates","birds","Acrididae (grasshoppers)",132,41,1981,1984,2009,2018,25,"Birds-Terrestrial invertebrates"
1.4864179910367,333,533,-96.58333,-96.5712,39.083333,39.07385,"Tallgrass prairie gallery forest and riparian edge","Tallgrass prairie","Birds","Terrestrial invertebrates","birds","Acrididae (grasshoppers)",132,36,1981,1984,2009,2018,25,"Birds-Terrestrial invertebrates"
0,333,355,-96.58333,-96.58333,39.083333,39.083333,"Tallgrass prairie gallery forest and riparian edge","Prairie","Birds","Terrestrial plants","birds","plants",132,324,1981,1983,2009,2015,26,"Birds-Terrestrial plants"
2.34699385717753,311,531,-96.583333,-96.56263,39.083333,39.06966,"Tallgrass prairie","Tallgrass prairie","Mammals","Terrestrial invertebrates","Small mammals","Acrididae (grasshoppers)",15,40,1981,1987,2013,2018,26,"Mammals-Terrestrial invertebrates"
1.86408062308041,333,530,-96.58333,-96.5626,39.083333,39.07865,"Tallgrass prairie gallery forest and riparian edge","Tallgrass prairie","Birds","Terrestrial invertebrates","birds","Acrididae (grasshoppers)",132,38,1981,1982,2009,2018,27,"Birds-Terrestrial invertebrates"
1.568026774181,333,532,-96.58333,-96.59795,39.083333,39.07497,"Tallgrass prairie gallery forest and riparian edge","Tallgrass prairie","Birds","Terrestrial invertebrates","birds","Acrididae (grasshoppers)",132,41,1981,1982,2009,2018,27,"Birds-Terrestrial invertebrates"
1.30238586068285,333,534,-96.58333,-96.57745,39.083333,39.07255,"Tallgrass prairie gallery forest and riparian edge","Tallgrass prairie","Birds","Terrestrial invertebrates","birds","Acrididae (grasshoppers)",132,34,1981,1982,2009,2018,27,"Birds-Terrestrial invertebrates"
1.05876298064271,333,536,-96.58333,-96.57135,39.083333,39.0813,"Tallgrass prairie gallery forest and riparian edge","Tallgrass prairie","Birds","Terrestrial invertebrates","birds","Acrididae (grasshoppers)",132,43,1981,1982,2009,2018,27,"Birds-Terrestrial invertebrates"
0.387448362925554,333,538,-96.58333,-96.5834,39.083333,39.07985,"Tallgrass prairie gallery forest and riparian edge","Tallgrass prairie","Birds","Terrestrial invertebrates","birds","Acrididae (grasshoppers)",132,44,1981,1982,2009,2018,27,"Birds-Terrestrial invertebrates"
1.17065405651373,333,540,-96.58333,-96.57055,39.083333,39.08685,"Tallgrass prairie gallery forest and riparian edge","Tallgrass prairie","Birds","Terrestrial invertebrates","birds","Acrididae (grasshoppers)",132,41,1981,1982,2009,2018,27,"Birds-Terrestrial invertebrates"
0.000259011528939047,311,333,-96.583333,-96.58333,39.083333,39.083333,"Tallgrass prairie","Tallgrass prairie gallery forest and riparian edge","Mammals","Birds","Small mammals","birds",15,132,1981,1981,2013,2009,28,"Mammals-Birds"
1.73722905672564,311,529,-96.583333,-96.5672,39.083333,39.074,"Tallgrass prairie","Tallgrass prairie","Mammals","Terrestrial invertebrates","Small mammals","Acrididae (grasshoppers)",15,40,1981,1985,2013,2018,28,"Mammals-Terrestrial invertebrates"
2.34679656529818,355,531,-96.58333,-96.56263,39.083333,39.06966,"Prairie","Tallgrass prairie","Terrestrial plants","Terrestrial invertebrates","plants","Acrididae (grasshoppers)",324,40,1983,1987,2015,2018,28,"Terrestrial plants-Terrestrial invertebrates"
2.33374347098302,301,311,-96.557,-96.583333,39.0786,39.083333,"Tallgrass prairie","Tallgrass prairie","Terrestrial invertebrates","Mammals","Acrididae (grasshoppers)","Small mammals",33,15,1984,1981,2018,2013,29,"Terrestrial invertebrates-Mammals"
1.39239883602048,311,528,-96.583333,-96.58755,39.083333,39.07125,"Tallgrass prairie","Tallgrass prairie","Mammals","Terrestrial invertebrates","Small mammals","Acrididae (grasshoppers)",15,41,1981,1984,2013,2018,29,"Mammals-Terrestrial invertebrates"
1.48660051596863,311,533,-96.583333,-96.5712,39.083333,39.07385,"Tallgrass prairie","Tallgrass prairie","Mammals","Terrestrial invertebrates","Small mammals","Acrididae (grasshoppers)",15,36,1981,1984,2013,2018,29,"Mammals-Terrestrial invertebrates"
0.000259011528939047,311,355,-96.583333,-96.58333,39.083333,39.083333,"Tallgrass prairie","Prairie","Mammals","Terrestrial plants","Small mammals","plants",15,324,1981,1983,2013,2015,30,"Mammals-Terrestrial plants"
1.7370213655644,355,529,-96.58333,-96.5672,39.083333,39.074,"Prairie","Tallgrass prairie","Terrestrial plants","Terrestrial invertebrates","plants","Acrididae (grasshoppers)",324,40,1983,1985,2015,2018,30,"Terrestrial plants-Terrestrial invertebrates"
2.33349112753531,301,355,-96.557,-96.58333,39.0786,39.083333,"Tallgrass prairie","Prairie","Terrestrial invertebrates","Terrestrial plants","Acrididae (grasshoppers)","plants",33,324,1984,1983,2018,2015,31,"Terrestrial invertebrates-Terrestrial plants"
1.39246659629346,355,528,-96.58333,-96.58755,39.083333,39.07125,"Prairie","Tallgrass prairie","Terrestrial plants","Terrestrial invertebrates","plants","Acrididae (grasshoppers)",324,41,1983,1984,2015,2018,31,"Terrestrial plants-Terrestrial invertebrates"
1.86432932711237,311,530,-96.583333,-96.5626,39.083333,39.07865,"Tallgrass prairie","Tallgrass prairie","Mammals","Terrestrial invertebrates","Small mammals","Acrididae (grasshoppers)",15,38,1981,1982,2013,2018,31,"Mammals-Terrestrial invertebrates"
1.56781825470188,311,532,-96.583333,-96.59795,39.083333,39.07497,"Tallgrass prairie","Tallgrass prairie","Mammals","Terrestrial invertebrates","Small mammals","Acrididae (grasshoppers)",15,41,1981,1982,2013,2018,31,"Mammals-Terrestrial invertebrates"
1.4864179910367,355,533,-96.58333,-96.5712,39.083333,39.07385,"Prairie","Tallgrass prairie","Terrestrial plants","Terrestrial invertebrates","plants","Acrididae (grasshoppers)",324,36,1983,1984,2015,2018,31,"Terrestrial plants-Terrestrial invertebrates"
1.30248685917754,311,534,-96.583333,-96.57745,39.083333,39.07255,"Tallgrass prairie","Tallgrass prairie","Mammals","Terrestrial invertebrates","Small mammals","Acrididae (grasshoppers)",15,34,1981,1982,2013,2018,31,"Mammals-Terrestrial invertebrates"
1.0590160211225,311,536,-96.583333,-96.57135,39.083333,39.0813,"Tallgrass prairie","Tallgrass prairie","Mammals","Terrestrial invertebrates","Small mammals","Acrididae (grasshoppers)",15,43,1981,1982,2013,2018,31,"Mammals-Terrestrial invertebrates"
0.387444409101521,311,538,-96.583333,-96.5834,39.083333,39.07985,"Tallgrass prairie","Tallgrass prairie","Mammals","Terrestrial invertebrates","Small mammals","Acrididae (grasshoppers)",15,44,1981,1982,2013,2018,31,"Mammals-Terrestrial invertebrates"
1.1708981764534,311,540,-96.583333,-96.57055,39.083333,39.08685,"Tallgrass prairie","Tallgrass prairie","Mammals","Terrestrial invertebrates","Small mammals","Acrididae (grasshoppers)",15,41,1981,1982,2013,2018,31,"Mammals-Terrestrial invertebrates"
1.86408062308041,355,530,-96.58333,-96.5626,39.083333,39.07865,"Prairie","Tallgrass prairie","Terrestrial plants","Terrestrial invertebrates","plants","Acrididae (grasshoppers)",324,38,1983,1982,2015,2018,32,"Terrestrial plants-Terrestrial invertebrates"
1.568026774181,355,532,-96.58333,-96.59795,39.083333,39.07497,"Prairie","Tallgrass prairie","Terrestrial plants","Terrestrial invertebrates","plants","Acrididae (grasshoppers)",324,41,1983,1982,2015,2018,32,"Terrestrial plants-Terrestrial invertebrates"
1.30238586068285,355,534,-96.58333,-96.57745,39.083333,39.07255,"Prairie","Tallgrass prairie","Terrestrial plants","Terrestrial invertebrates","plants","Acrididae (grasshoppers)",324,34,1983,1982,2015,2018,32,"Terrestrial plants-Terrestrial invertebrates"
1.05876298064271,355,536,-96.58333,-96.57135,39.083333,39.0813,"Prairie","Tallgrass prairie","Terrestrial plants","Terrestrial invertebrates","plants","Acrididae (grasshoppers)",324,43,1983,1982,2015,2018,32,"Terrestrial plants-Terrestrial invertebrates"
0.387448362925554,355,538,-96.58333,-96.5834,39.083333,39.07985,"Prairie","Tallgrass prairie","Terrestrial plants","Terrestrial invertebrates","plants","Acrididae (grasshoppers)",324,44,1983,1982,2015,2018,32,"Terrestrial plants-Terrestrial invertebrates"
1.17065405651373,355,540,-96.58333,-96.57055,39.083333,39.08685,"Prairie","Tallgrass prairie","Terrestrial plants","Terrestrial invertebrates","plants","Acrididae (grasshoppers)",324,41,1983,1982,2015,2018,32,"Terrestrial plants-Terrestrial invertebrates"
