"","Gn1","Gn2","interaction"
"1","Aristida","Dipodomys","interactsWith"
"2","Dipodomys","Hoffmannseggia","interactsWith"
"3","Dipodomys","Salsola","eats"
"4","Dipodomys","Solanum","interactsWith"
"5","Dipodomys","Sporobolus","interactsWith"
"6","Opuntia","Peromyscus","eatenBy"
"7","Artemisia","Dipodomys","eatenBy"
"8","Artemisia","Onychomys","eatenBy"
"9","Artemisia","Peromyscus","interactsWith"
"10","Artemisia","Peromyscus","eatenBy"
"11","Dipodomys","Eriogonum","eats"
"12","Peromyscus","Pinus","interactsWith"
"13","Peromyscus","Pinus","eats"
"14","Peromyscus","Quercus","interactsWith"
"15","Peromyscus","Quercus","eats"
"16","Eleocharis","Etheostoma","interactsWith"
"17","Etheostoma","Panicum","interactsWith"
"18","Etheostoma","Setaria","interactsWith"
"19","Anthopleura","Hypsypops","eatenBy"
"20","Anthopleura","Hypsypops","preyedUponBy"
"21","Balanophyllia","Semicossyphus","eatenBy"
"22","Balanophyllia","Semicossyphus","preyedUponBy"
"23","Conus","Embiotoca","eatenBy"
"24","Conus","Embiotoca","preyedUponBy"
"25","Conus","Oxyjulis","eatenBy"
"26","Conus","Oxyjulis","preyedUponBy"
"27","Conus","Rhacochilus","eatenBy"
"28","Conus","Rhacochilus","preyedUponBy"
"29","Conus","Sebastes","eatenBy"
"30","Conus","Sebastes","preyedUponBy"
"31","Conus","Semicossyphus","eatenBy"
"32","Conus","Semicossyphus","preyedUponBy"
"33","Conus","Cymatogaster","eats"
"34","Conus","Cymatogaster","preysOn"
"35","Cucumaria","Paralabrax","eatenBy"
"36","Cucumaria","Paralabrax","preyedUponBy"
"37","Cucumaria","Sebastes","eatenBy"
"38","Cucumaria","Semicossyphus","eatenBy"
"39","Cucumaria","Semicossyphus","preyedUponBy"
"40","Cucumaria","Leiocottus","eatenBy"
"41","Cucumaria","Leiocottus","preyedUponBy"
"42","Cypraea","Oxyjulis","eatenBy"
"43","Cypraea","Oxyjulis","preyedUponBy"
"44","Cypraea","Sebastes","eatenBy"
"45","Cypraea","Sebastes","preyedUponBy"
"46","Cypraea","Semicossyphus","eatenBy"
"47","Cypraea","Semicossyphus","preyedUponBy"
"48","Brachyistius","Diopatra","eats"
"49","Brachyistius","Diopatra","preysOn"
"50","Diopatra","Embiotoca","eatenBy"
"51","Diopatra","Embiotoca","preyedUponBy"
"52","Diopatra","Hypsurus","eatenBy"
"53","Diopatra","Hypsurus","preyedUponBy"
"54","Diopatra","Hypsypops","eatenBy"
"55","Diopatra","Hypsypops","preyedUponBy"
"56","Diopatra","Paralabrax","eatenBy"
"57","Diopatra","Paralabrax","preyedUponBy"
"58","Diopatra","Rhacochilus","eatenBy"
"59","Diopatra","Rhacochilus","preyedUponBy"
"60","Diopatra","Sebastes","eatenBy"
"61","Diopatra","Sebastes","preyedUponBy"
"62","Diopatra","Semicossyphus","eatenBy"
"63","Diopatra","Semicossyphus","preyedUponBy"
"64","Diopatra","Gibbonsia","eatenBy"
"65","Diopatra","Gibbonsia","preyedUponBy"
"66","Diopatra","Leiocottus","eatenBy"
"67","Diopatra","Leiocottus","preyedUponBy"
"68","Diopatra","Oxylebius","eatenBy"
"69","Diopatra","Oxylebius","preyedUponBy"
"70","Diopatra","Rhinogobiops","eatenBy"
"71","Diopatra","Rhinogobiops","preyedUponBy"
"72","Cymatogaster","Diopatra","eats"
"73","Cymatogaster","Diopatra","preysOn"
"74","Eupentacta","Paralabrax","eatenBy"
"75","Eupentacta","Paralabrax","preyedUponBy"
"76","Eupentacta","Semicossyphus","eatenBy"
"77","Eupentacta","Semicossyphus","preyedUponBy"
"78","Eupentacta","Leiocottus","eatenBy"
"79","Eupentacta","Leiocottus","preyedUponBy"
"80","Kelletia","Oxyjulis","eatenBy"
"81","Kelletia","Oxyjulis","preyedUponBy"
"82","Kelletia","Rhacochilus","eatenBy"
"83","Kelletia","Rhacochilus","preyedUponBy"
"84","Kelletia","Sebastes","eatenBy"
"85","Kelletia","Sebastes","preyedUponBy"
"86","Kelletia","Semicossyphus","eatenBy"
"87","Kelletia","Semicossyphus","preyedUponBy"
"88","Lithopoma","Oxyjulis","eatenBy"
"89","Lithopoma","Oxyjulis","preyedUponBy"
"90","Lithopoma","Sebastes","eatenBy"
"91","Lithopoma","Sebastes","preyedUponBy"
"92","Lithopoma","Semicossyphus","eatenBy"
"93","Lithopoma","Semicossyphus","preyedUponBy"
"94","Embiotoca","Lytechinus","eats"
"95","Embiotoca","Lytechinus","preysOn"
"96","Lytechinus","Rhacochilus","eatenBy"
"97","Lytechinus","Rhacochilus","preyedUponBy"
"98","Lytechinus","Semicossyphus","eatenBy"
"99","Lytechinus","Semicossyphus","preyedUponBy"
"100","Brachyistius","Mitra","eats"
"101","Brachyistius","Mitra","preysOn"
"102","Embiotoca","Mitra","eats"
"103","Embiotoca","Mitra","preysOn"
"104","Girella","Mitra","eats"
"105","Girella","Mitra","preysOn"
"106","Mitra","Oxyjulis","eatenBy"
"107","Mitra","Oxyjulis","preyedUponBy"
"108","Mitra","Sebastes","eatenBy"
"109","Mitra","Sebastes","preyedUponBy"
"110","Mitra","Semicossyphus","eatenBy"
"111","Mitra","Semicossyphus","preyedUponBy"
"112","Heterostichus","Mitra","eats"
"113","Heterostichus","Mitra","preysOn"
"114","Embiotoca","Ophioplocus","eats"
"115","Embiotoca","Ophioplocus","preysOn"
"116","Hypsurus","Ophioplocus","eats"
"117","Hypsurus","Ophioplocus","preysOn"
"118","Ophioplocus","Paralabrax","eatenBy"
"119","Ophioplocus","Paralabrax","preyedUponBy"
"120","Ophioplocus","Rhacochilus","eatenBy"
"121","Ophioplocus","Rhacochilus","preyedUponBy"
"122","Ophioplocus","Sebastes","eatenBy"
"123","Ophioplocus","Sebastes","preyedUponBy"
"124","Ophioplocus","Rhinogobiops","eatenBy"
"125","Ophioplocus","Rhinogobiops","preyedUponBy"
"126","Cymatogaster","Ophioplocus","eats"
"127","Cymatogaster","Ophioplocus","preysOn"
"128","Embiotoca","Ophiothrix","eats"
"129","Embiotoca","Ophiothrix","preysOn"
"130","Hypsurus","Ophiothrix","eats"
"131","Hypsurus","Ophiothrix","preysOn"
"132","Ophiothrix","Paralabrax","eatenBy"
"133","Ophiothrix","Paralabrax","preyedUponBy"
"134","Ophiothrix","Rhacochilus","eatenBy"
"135","Ophiothrix","Rhacochilus","preyedUponBy"
"136","Ophiothrix","Sebastes","eatenBy"
"137","Ophiothrix","Sebastes","preyedUponBy"
"138","Ophiothrix","Rhinogobiops","eatenBy"
"139","Ophiothrix","Rhinogobiops","preyedUponBy"
"140","Cymatogaster","Ophiothrix","eats"
"141","Cymatogaster","Ophiothrix","preysOn"
"142","Hypsypops","Pachycerianthus","eats"
"143","Hypsypops","Pachycerianthus","preysOn"
"144","Embiotoca","Strongylocentrotus","eats"
"145","Embiotoca","Strongylocentrotus","preysOn"
"146","Rhacochilus","Strongylocentrotus","eats"
"147","Rhacochilus","Strongylocentrotus","preysOn"
"148","Semicossyphus","Strongylocentrotus","interactsWith"
"149","Semicossyphus","Strongylocentrotus","eats"
"150","Semicossyphus","Strongylocentrotus","preysOn"
"151","Sebastes","Styela","eats"
"152","Sebastes","Styela","preysOn"
"153","Hypsypops","Tethya","eats"
"154","Hypsypops","Tethya","preysOn"
"155","Sebastes","Tethya","eats"
"156","Sebastes","Tethya","preysOn"
"157","Hypsypops","Urticina","eats"
"158","Hypsypops","Urticina","preysOn"
"159","Cancer","Embiotoca","interactsWith"
"160","Cancer","Embiotoca","eatenBy"
"161","Cancer","Embiotoca","preyedUponBy"
"162","Cancer","Hypsypops","eatenBy"
"163","Cancer","Hypsypops","preyedUponBy"
"164","Cancer","Paralabrax","eatenBy"
"165","Cancer","Paralabrax","preyedUponBy"
"166","Cancer","Rhacochilus","eatenBy"
"167","Cancer","Rhacochilus","preyedUponBy"
"168","Cancer","Sebastes","preyedUponBy"
"169","Cancer","Sebastes","eatenBy"
"170","Cancer","Semicossyphus","eatenBy"
"171","Cancer","Semicossyphus","preyedUponBy"
"172","Cancer","Heterostichus","eatenBy"
"173","Cancer","Heterostichus","preyedUponBy"
"174","Cancer","Oxylebius","eatenBy"
"175","Cancer","Oxylebius","preyedUponBy"
"176","Cancer","Cymatogaster","eats"
"177","Embiotoca","Loxorhynchus","eats"
"178","Embiotoca","Loxorhynchus","preysOn"
"179","Hypsurus","Loxorhynchus","eats"
"180","Hypsurus","Loxorhynchus","preysOn"
"181","Loxorhynchus","Paralabrax","eatenBy"
"182","Loxorhynchus","Paralabrax","preyedUponBy"
"183","Loxorhynchus","Rhacochilus","eatenBy"
"184","Loxorhynchus","Rhacochilus","preyedUponBy"
"185","Loxorhynchus","Sebastes","eatenBy"
"186","Loxorhynchus","Sebastes","preyedUponBy"
"187","Loxorhynchus","Semicossyphus","eatenBy"
"188","Loxorhynchus","Semicossyphus","preyedUponBy"
"189","Megathura","Oxyjulis","eatenBy"
"190","Megathura","Oxyjulis","preyedUponBy"
"191","Megathura","Sebastes","eatenBy"
"192","Megathura","Sebastes","preyedUponBy"
"193","Megathura","Semicossyphus","eatenBy"
"194","Megathura","Semicossyphus","preyedUponBy"
"195","Hypsypops","Muricea","eats"
"196","Hypsypops","Muricea","preysOn"
"197","Paralabrax","Parastichopus","eats"
"198","Paralabrax","Parastichopus","preysOn"
"199","Parastichopus","Sebastes","eatenBy"
"200","Parastichopus","Semicossyphus","preyedUponBy"
"201","Parastichopus","Semicossyphus","eatenBy"
"202","Pisaster","Sebastes","eats"
"203","Pisaster","Sebastes","preysOn"
"204","Pycnopodia","Sebastes","eats"
"205","Pycnopodia","Sebastes","preysOn"
"206","Archidistoma","Embiotoca","eatenBy"
"207","Archidistoma","Embiotoca","preyedUponBy"
"208","Archidistoma","Sebastes","eatenBy"
"209","Archidistoma","Sebastes","preyedUponBy"
"210","Bossiella","Girella","eatenBy"
"211","Bossiella","Girella","preyedUponBy"
"212","Callophyllis","Girella","eatenBy"
"213","Callophyllis","Girella","preyedUponBy"
"214","Chondracanthus","Girella","eatenBy"
"215","Chondracanthus","Girella","preyedUponBy"
"216","Chondracanthus","Sebastes","parasiteOf"
"217","Chondracanthus","Sebastes","hasHost"
"218","Chondracanthus","Sebastes","hemiparasiteOf"
"219","Chondracanthus","Sebastes","eats"
"220","Corallina","Girella","eatenBy"
"221","Corallina","Girella","preyedUponBy"
"222","Corynactis","Hypsypops","preyedUponBy"
"223","Corynactis","Hypsypops","eatenBy"
"224","Cryptopleura","Girella","eatenBy"
"225","Cryptopleura","Girella","preyedUponBy"
"226","Cystoseira","Girella","eatenBy"
"227","Cystoseira","Girella","preyedUponBy"
"228","Gelidium","Girella","eatenBy"
"229","Gelidium","Girella","preyedUponBy"
"230","Girella","Gracilaria","eats"
"231","Girella","Gracilaria","preysOn"
"232","Girella","Laurencia","eats"
"233","Girella","Laurencia","preysOn"
"234","Girella","Macrocystis","eats"
"235","Girella","Macrocystis","preysOn"
"236","Girella","Pterygophora","eats"
"237","Girella","Pterygophora","preysOn"
"238","Girella","Rhodymenia","eats"
"239","Girella","Rhodymenia","preysOn"
"240","Hypsypops","Spheciospongia","eats"
"241","Hypsypops","Spheciospongia","preysOn"
"242","Embiotoca","Ulva","eats"
"243","Girella","Ulva","eats"
"244","Girella","Ulva","preysOn"
"245","Sebastes","Ulva","eats"
"246","Aglaophenia","Girella","eatenBy"
"247","Aglaophenia","Girella","preyedUponBy"
"248","Aglaophenia","Oxyjulis","eatenBy"
"249","Aglaophenia","Oxyjulis","preyedUponBy"
"250","Dictyota","Girella","eatenBy"
"251","Dictyota","Girella","preyedUponBy"
"252","Girella","Taonia","eats"
"253","Girella","Taonia","preysOn"
"254","Brachyistius","Thalamoporella","eats"
"255","Brachyistius","Thalamoporella","preysOn"
"256","Embiotoca","Thalamoporella","eats"
"257","Embiotoca","Thalamoporella","preysOn"
"258","Hypsurus","Thalamoporella","eats"
"259","Hypsurus","Thalamoporella","preysOn"
"260","Hypsypops","Thalamoporella","eats"
"261","Hypsypops","Thalamoporella","preysOn"
"262","Oxyjulis","Thalamoporella","eats"
"263","Oxyjulis","Thalamoporella","preysOn"
"264","Paralabrax","Thalamoporella","eats"
"265","Paralabrax","Thalamoporella","preysOn"
"266","Rhacochilus","Thalamoporella","interactsWith"
"267","Rhacochilus","Thalamoporella","preysOn"
"268","Sebastes","Thalamoporella","eats"
"269","Sebastes","Thalamoporella","preysOn"
"270","Semicossyphus","Thalamoporella","eats"
"271","Semicossyphus","Thalamoporella","preysOn"
"272","Girella","Polyneura","eats"
"273","Girella","Polyneura","preysOn"
"274","Brachyistius","Bugula","eats"
"275","Brachyistius","Bugula","preysOn"
"276","Bugula","Embiotoca","interactsWith"
"277","Bugula","Embiotoca","eatenBy"
"278","Bugula","Embiotoca","preyedUponBy"
"279","Bugula","Hypsurus","interactsWith"
"280","Bugula","Hypsurus","preyedUponBy"
"281","Bugula","Hypsypops","eatenBy"
"282","Bugula","Hypsypops","preyedUponBy"
"283","Bugula","Oxyjulis","eatenBy"
"284","Bugula","Oxyjulis","preyedUponBy"
"285","Bugula","Paralabrax","eatenBy"
"286","Bugula","Paralabrax","preyedUponBy"
"287","Bugula","Rhacochilus","eatenBy"
"288","Bugula","Rhacochilus","preyedUponBy"
"289","Bugula","Sebastes","eatenBy"
"290","Bugula","Sebastes","preyedUponBy"
"291","Bugula","Semicossyphus","eatenBy"
"292","Bugula","Semicossyphus","preyedUponBy"
"293","Calliarthron","Girella","eatenBy"
"294","Calliarthron","Girella","preyedUponBy"
"295","Brachyistius","Crisia","eats"
"296","Brachyistius","Crisia","preysOn"
"297","Crisia","Embiotoca","eatenBy"
"298","Crisia","Embiotoca","preyedUponBy"
"299","Crisia","Hypsurus","eatenBy"
"300","Crisia","Hypsurus","preyedUponBy"
"301","Crisia","Hypsypops","eatenBy"
"302","Crisia","Hypsypops","preyedUponBy"
"303","Crisia","Oxyjulis","eatenBy"
"304","Crisia","Oxyjulis","preyedUponBy"
"305","Crisia","Paralabrax","eatenBy"
"306","Crisia","Paralabrax","preyedUponBy"
"307","Crisia","Rhacochilus","eatenBy"
"308","Crisia","Rhacochilus","preyedUponBy"
"309","Crisia","Sebastes","eatenBy"
"310","Crisia","Sebastes","preyedUponBy"
"311","Crisia","Semicossyphus","eatenBy"
"312","Crisia","Semicossyphus","preyedUponBy"
"313","Hypsypops","Leucilla","eats"
"314","Hypsypops","Leucilla","preysOn"
"315","Leucilla","Sebastes","eatenBy"
"316","Leucilla","Sebastes","preyedUponBy"
"317","Achillea","Melanoplus","eatenBy"
"318","Ambrosia","Hesperotettix","interactsWith"
"319","Ambrosia","Hesperotettix","eatenBy"
"320","Ambrosia","Melanoplus","interactsWith"
"321","Ambrosia","Melanoplus","eatenBy"
"322","Ambrosia","Campylacantha","interactsWith"
"323","Aristida","Melanoplus","interactsWith"
"324","Artemisia","Hesperotettix","interactsWith"
"325","Artemisia","Hesperotettix","eatenBy"
"326","Artemisia","Hypochlora","eatenBy"
"327","Artemisia","Hypochlora","interactsWith"
"328","Artemisia","Melanoplus","eatenBy"
"329","Artemisia","Melanoplus","interactsWith"
"330","Artemisia","Mermiria","interactsWith"
"331","Artemisia","Phoetaliotes","interactsWith"
"332","Asclepias","Hesperotettix","interactsWith"
"333","Asclepias","Hesperotettix","adjacentTo"
"334","Asclepias","Melanoplus","interactsWith"
"335","Asclepias","Melanoplus","flowersVisitedBy"
"336","Asclepias","Melanoplus","hostOf"
"337","Asclepias","Melanoplus","visitedBy"
"338","Bouteloua","Melanoplus","eatenBy"
"339","Bouteloua","Mermiria","eatenBy"
"340","Bouteloua","Orphulella","interactsWith"
"341","Bouteloua","Phoetaliotes","eatenBy"
"342","Bouteloua","Phoetaliotes","interactsWith"
"343","Bouteloua","Syrbula","eatenBy"
"344","Bromus","Hesperotettix","interactsWith"
"345","Bromus","Melanoplus","interactsWith"
"346","Bromus","Mermiria","interactsWith"
"347","Bromus","Phoetaliotes","interactsWith"
"348","Buchloe","Melanoplus","eatenBy"
"349","Buchloe","Mermiria","eatenBy"
"350","Buchloe","Orphulella","interactsWith"
"351","Buchloe","Phoetaliotes","interactsWith"
"352","Buchloe","Phoetaliotes","eatenBy"
"353","Buchloe","Syrbula","eatenBy"
"354","Carex","Melanoplus","interactsWith"
"355","Cirsium","Melanoplus","interactsWith"
"356","Cirsium","Melanoplus","flowersVisitedBy"
"357","Dalea","Hesperotettix","eatenBy"
"358","Dalea","Melanoplus","eatenBy"
"359","Elymus","Melanoplus","interactsWith"
"360","Eragrostis","Melanoplus","eatenBy"
"361","Eragrostis","Melanoplus","interactsWith"
"362","Eragrostis","Mermiria","eatenBy"
"363","Eragrostis","Orphulella","interactsWith"
"364","Eragrostis","Phoetaliotes","eatenBy"
"365","Gaura","Melanoplus","eatenBy"
"366","Hordeum","Melanoplus","interactsWith"
"367","Hordeum","Melanoplus","eatenBy"
"368","Juniperus","Melanoplus","interactsWith"
"369","Juniperus","Melanoplus","adjacentTo"
"370","Juniperus","Melanoplus","visitedBy"
"371","Lespedeza","Melanoplus","interactsWith"
"372","Campylacantha","Lespedeza","interactsWith"
"373","Linum","Phoetaliotes","eatenBy"
"374","Muhlenbergia","Phoetaliotes","eatenBy"
"375","Melanoplus","Oenothera","eats"
"376","Melanoplus","Oenothera","interactsWith"
"377","Campylacantha","Oenothera","eats"
"378","Hesperotettix","Oligoneuron","interactsWith"
"379","Hesperotettix","Oligoneuron","eats"
"380","Melanoplus","Oligoneuron","adjacentTo"
"381","Melanoplus","Oligoneuron","interactsWith"
"382","Melanoplus","Oligoneuron","eats"
"383","Panicum","Phoetaliotes","eatenBy"
"384","Melanoplus","Plantago","interactsWith"
"385","Melanoplus","Poa","interactsWith"
"386","Melanoplus","Poa","eats"
"387","Melanoplus","Psoralea","interactsWith"
"388","Melanoplus","Ratibida","eats"
"389","Melanoplus","Ratibida","visitsFlowersOf"
"390","Hesperotettix","Rhus","interactsWith"
"391","Melanoplus","Rhus","interactsWith"
"392","Melanoplus","Ruellia","visits"
"393","Melanoplus","Schizachyrium","interactsWith"
"394","Melanoplus","Silphium","interactsWith"
"395","Melanoplus","Solanum","eats"
"396","Hesperotettix","Solidago","interactsWith"
"397","Hesperotettix","Solidago","eats"
"398","Melanoplus","Solidago","interactsWith"
"399","Melanoplus","Solidago","adjacentTo"
"400","Melanoplus","Solidago","eats"
"401","Melanoplus","Solidago","visitsFlowersOf"
"402","Melanoplus","Solidago","visits"
"403","Campylacantha","Solidago","interactsWith"
"404","Melanoplus","Sporobolus","eats"
"405","Melanoplus","Sporobolus","interactsWith"
"406","Mermiria","Sporobolus","interactsWith"
"407","Mermiria","Sporobolus","eats"
"408","Orphulella","Sporobolus","interactsWith"
"409","Sporobolus","Syrbula","interactsWith"
"410","Melanoplus","Symphoricarpos","eats"
"411","Hesperotettix","Symphyotrichum","eats"
"412","Melanoplus","Symphyotrichum","eats"
"413","Melanoplus","Ulmus","adjacentTo"
"414","Melanoplus","Vernonia","eats"
"415","Cornus","Melanoplus","flowersVisitedBy"
"416","Glandularia","Melanoplus","eatenBy"
"417","Melanoplus","Monarda","interactsWith"
"418","Hesperotettix","Opuntia","interactsWith"
"419","Melanoplus","Opuntia","interactsWith"
"420","Mermiria","Opuntia","interactsWith"
"421","Opuntia","Syrbula","interactsWith"
"422","Eupatorium","Melanoplus","flowersVisitedBy"
"423","Croton","Melanoplus","eatenBy"
"424","Croton","Phoetaliotes","eatenBy"
"425","Helianthus","Hesperotettix","eatenBy"
"426","Helianthus","Hesperotettix","interactsWith"
"427","Helianthus","Melanoplus","interactsWith"
"428","Helianthus","Melanoplus","eatenBy"
"429","Helianthus","Melanoplus","visitedBy"
"430","Helianthus","Syrbula","interactsWith"
"431","Hesperotettix","Rubus","interactsWith"
"432","Melanoplus","Rubus","interactsWith"
"433","Melanoplus","Rubus","visitsFlowersOf"
"434","Campylacantha","Rubus","interactsWith"
"435","Melanoplus","Senna","eats"
"436","Grindelia","Hesperotettix","interactsWith"
"437","Grindelia","Hesperotettix","eatenBy"
"438","Ageratum","Melanoplus","eatenBy"
"439","Hesperotettix","Medicago","adjacentTo"
"440","Medicago","Melanoplus","interactsWith"
"441","Medicago","Melanoplus","eatenBy"
"442","Medicago","Melanoplus","adjacentTo"
"443","Ageneotettix","Artemisia","interactsWith"
"444","Ageneotettix","Bouteloua","interactsWith"
"445","Ageneotettix","Bouteloua","eats"
"446","Ageneotettix","Buchloe","interactsWith"
"447","Ageneotettix","Buchloe","eats"
"448","Ageneotettix","Cirsium","interactsWith"
"449","Ageneotettix","Digitaria","eats"
"450","Ageneotettix","Hordeum","interactsWith"
"451","Ageneotettix","Juniperus","interactsWith"
"452","Ageneotettix","Sporobolus","eats"
"453","Ageneotettix","Opuntia","interactsWith"
"454","Ageneotettix","Croton","eats"
"455","Conus","Phanerodon","eatenBy"
"456","Conus","Phanerodon","preyedUponBy"
"457","Diopatra","Phanerodon","eatenBy"
"458","Diopatra","Phanerodon","preyedUponBy"
"459","Kelletia","Phanerodon","eatenBy"
"460","Kelletia","Phanerodon","preyedUponBy"
"461","Lytechinus","Phanerodon","eatenBy"
"462","Lytechinus","Phanerodon","preyedUponBy"
"463","Ophioplocus","Phanerodon","eatenBy"
"464","Ophioplocus","Phanerodon","preyedUponBy"
"465","Ophiothrix","Phanerodon","eatenBy"
"466","Ophiothrix","Phanerodon","preyedUponBy"
"467","Phanerodon","Strongylocentrotus","eats"
"468","Phanerodon","Strongylocentrotus","preysOn"
"469","Chromis","Octopus","eatenBy"
"470","Chromis","Octopus","preyedUponBy"
"471","Octopus","Paralabrax","eats"
"472","Octopus","Paralabrax","eatenBy"
"473","Octopus","Paralabrax","preysOn"
"474","Octopus","Paralabrax","preyedUponBy"
"475","Cancer","Phanerodon","eatenBy"
"476","Cancer","Phanerodon","preyedUponBy"
"477","Loxorhynchus","Phanerodon","eatenBy"
"478","Loxorhynchus","Phanerodon","preyedUponBy"
"479","Cancer","Scorpaenichthys","eatenBy"
"480","Cancer","Scorpaenichthys","preyedUponBy"
"481","Loxorhynchus","Scorpaenichthys","eatenBy"
"482","Loxorhynchus","Scorpaenichthys","preyedUponBy"
"483","Octopus","Scorpaenichthys","eatenBy"
"484","Octopus","Scorpaenichthys","preyedUponBy"
"485","Octopus","Scorpaenichthys","interactsWith"
"486","Octopus","Sebastes","eatenBy"
"487","Octopus","Sebastes","preyedUponBy"
"488","Octopus","Semicossyphus","eatenBy"
"489","Octopus","Semicossyphus","preyedUponBy"
"490","Cancer","Ophiodon","eatenBy"
"491","Cancer","Ophiodon","preyedUponBy"
"492","Cancer","Ophiodon","eats"
"493","Octopus","Ophiodon","eatenBy"
"494","Octopus","Ophiodon","preyedUponBy"
"495","Octopus","Oxylebius","eats"
"496","Octopus","Oxylebius","preysOn"
"497","Brachyistius","Dodecaceria","eats"
"498","Brachyistius","Dodecaceria","preysOn"
"499","Chromis","Dodecaceria","eatenBy"
"500","Chromis","Dodecaceria","preyedUponBy"
"501","Dodecaceria","Embiotoca","preyedUponBy"
"502","Dodecaceria","Embiotoca","eatenBy"
"503","Codium","Girella","eatenBy"
"504","Codium","Girella","preyedUponBy"
"505","Dodecaceria","Girella","eats"
"506","Dodecaceria","Girella","preysOn"
"507","Abietinaria","Girella","eatenBy"
"508","Abietinaria","Girella","preyedUponBy"
"509","Girella","Plumularia","eats"
"510","Girella","Plumularia","preysOn"
"511","Dodecaceria","Hypsypops","preyedUponBy"
"512","Dodecaceria","Hypsypops","eatenBy"
"513","Dodecaceria","Oxyjulis","eats"
"514","Dodecaceria","Oxyjulis","preysOn"
"515","Abietinaria","Oxyjulis","eatenBy"
"516","Abietinaria","Oxyjulis","preyedUponBy"
"517","Dodecaceria","Paralabrax","preyedUponBy"
"518","Dodecaceria","Paralabrax","eatenBy"
"519","Pachythyone","Paralabrax","eatenBy"
"520","Pachythyone","Paralabrax","preyedUponBy"
"521","Dodecaceria","Phanerodon","preyedUponBy"
"522","Dodecaceria","Phanerodon","eatenBy"
"523","Phanerodon","Thalamoporella","interactsWith"
"524","Phanerodon","Thalamoporella","preysOn"
"525","Bugula","Phanerodon","eatenBy"
"526","Bugula","Phanerodon","preyedUponBy"
"527","Crisia","Phanerodon","eatenBy"
"528","Crisia","Phanerodon","preyedUponBy"
"529","Dodecaceria","Rhacochilus","preyedUponBy"
"530","Dodecaceria","Rhacochilus","eatenBy"
"531","Dodecaceria","Scorpaenichthys","eatenBy"
"532","Dodecaceria","Scorpaenichthys","preyedUponBy"
"533","Dodecaceria","Sebastes","eatenBy"
"534","Dodecaceria","Sebastes","preysOn"
"535","Dodecaceria","Sebastes","preyedUponBy"
"536","Dodecaceria","Semicossyphus","preyedUponBy"
"537","Dodecaceria","Semicossyphus","eatenBy"
"538","Pachythyone","Semicossyphus","eatenBy"
"539","Pachythyone","Semicossyphus","preyedUponBy"
"540","Dodecaceria","Gibbonsia","preyedUponBy"
"541","Dodecaceria","Gibbonsia","eatenBy"
"542","Dodecaceria","Hypsurus","preyedUponBy"
"543","Dodecaceria","Hypsurus","eatenBy"
"544","Chondracanthus","Ophiodon","interactsWith"
"545","Dodecaceria","Ophiodon","eatenBy"
"546","Dodecaceria","Ophiodon","preyedUponBy"
"547","Dodecaceria","Oxylebius","eats"
"548","Dodecaceria","Oxylebius","preysOn"
"549","Dodecaceria","Oxylebius","preyedUponBy"
"550","Dodecaceria","Oxylebius","eatenBy"
"551","Abietinaria","Oxylebius","eatenBy"
"552","Abietinaria","Oxylebius","preyedUponBy"
"553","Oxylebius","Plumularia","eats"
"554","Oxylebius","Plumularia","preysOn"
"555","Dodecaceria","Rhinogobiops","preyedUponBy"
"556","Dodecaceria","Rhinogobiops","eatenBy"
"557","Cymatogaster","Dodecaceria","eats"
"558","Cymatogaster","Dodecaceria","preysOn"
"559","Anthopleura","Anthopleura","interactsWith"
"560","Anthopleura","Anthopleura","eats"
"561","Anthopleura","Anthopleura","eatenBy"
"562","Anthopleura","Anthopleura","preysOn"
"563","Anthopleura","Anthopleura","preyedUponBy"
"564","Conus","Diopatra","eats"
"565","Conus","Diopatra","preysOn"
"566","Anthopleura","Cypraea","eatenBy"
"567","Anthopleura","Cypraea","preyedUponBy"
"568","Archidistoma","Cypraea","eatenBy"
"569","Archidistoma","Cypraea","preyedUponBy"
"570","Corynactis","Cypraea","eatenBy"
"571","Corynactis","Cypraea","preyedUponBy"
"572","Cypraea","Spheciospongia","eats"
"573","Cypraea","Spheciospongia","preysOn"
"574","Cypraea","Urticina","eats"
"575","Cypraea","Urticina","preysOn"
"576","Cypraea","Dictyota","adjacentTo"
"577","Cypraea","Styela","eats"
"578","Cypraea","Styela","preysOn"
"579","Cypraea","Tethya","eats"
"580","Cypraea","Tethya","preysOn"
"581","Cypraea","Leucilla","eats"
"582","Cypraea","Leucilla","preysOn"
"583","Diopatra","Diopatra","interactsWith"
"584","Diopatra","Macrocystis","interactsWith"
"585","Diopatra","Macrocystis","eats"
"586","Diopatra","Kelletia","interactsWith"
"587","Diopatra","Kelletia","eatenBy"
"588","Diopatra","Kelletia","preyedUponBy"
"589","Kelletia","Parapholas","interactsWith"
"590","Kelletia","Parapholas","eats"
"591","Kelletia","Parapholas","preysOn"
"592","Chaceia","Kelletia","eatenBy"
"593","Chaceia","Kelletia","preyedUponBy"
"594","Kelletia","Styela","interactsWith"
"595","Kelletia","Styela","eats"
"596","Kelletia","Styela","preysOn"
"597","Bossiella","Lithopoma","eatenBy"
"598","Bossiella","Lithopoma","preyedUponBy"
"599","Chondracanthus","Lithopoma","eatenBy"
"600","Chondracanthus","Lithopoma","preyedUponBy"
"601","Corallina","Lithopoma","eatenBy"
"602","Corallina","Lithopoma","preyedUponBy"
"603","Cystoseira","Lithopoma","eatenBy"
"604","Cystoseira","Lithopoma","preyedUponBy"
"605","Gelidium","Lithopoma","eatenBy"
"606","Gelidium","Lithopoma","preyedUponBy"
"607","Gracilaria","Lithopoma","eatenBy"
"608","Laurencia","Lithopoma","eatenBy"
"609","Lithopoma","Macrocystis","eats"
"610","Lithopoma","Macrocystis","preysOn"
"611","Lithopoma","Pterygophora","eats"
"612","Lithopoma","Pterygophora","preysOn"
"613","Lithopoma","Ulva","eats"
"614","Lithopoma","Ulva","preysOn"
"615","Dictyota","Lithopoma","eatenBy"
"616","Dictyota","Lithopoma","preyedUponBy"
"617","Archidistoma","Lytechinus","eatenBy"
"618","Archidistoma","Lytechinus","preyedUponBy"
"619","Bossiella","Lytechinus","eatenBy"
"620","Bossiella","Lytechinus","preyedUponBy"
"621","Callophyllis","Lytechinus","eatenBy"
"622","Callophyllis","Lytechinus","preyedUponBy"
"623","Chondracanthus","Lytechinus","eatenBy"
"624","Chondracanthus","Lytechinus","preyedUponBy"
"625","Codium","Lytechinus","eatenBy"
"626","Codium","Lytechinus","preyedUponBy"
"627","Corallina","Lytechinus","eatenBy"
"628","Corallina","Lytechinus","preyedUponBy"
"629","Cryptopleura","Lytechinus","eatenBy"
"630","Cryptopleura","Lytechinus","preyedUponBy"
"631","Cystoseira","Lytechinus","eatenBy"
"632","Cystoseira","Lytechinus","preyedUponBy"
"633","Gelidium","Lytechinus","eatenBy"
"634","Gelidium","Lytechinus","preyedUponBy"
"635","Gracilaria","Lytechinus","eatenBy"
"636","Gracilaria","Lytechinus","preyedUponBy"
"637","Laurencia","Lytechinus","eatenBy"
"638","Laurencia","Lytechinus","preyedUponBy"
"639","Lytechinus","Macrocystis","eats"
"640","Lytechinus","Macrocystis","preysOn"
"641","Lytechinus","Pterygophora","eats"
"642","Lytechinus","Pterygophora","preysOn"
"643","Lytechinus","Rhodymenia","eats"
"644","Lytechinus","Rhodymenia","preysOn"
"645","Lytechinus","Spheciospongia","eats"
"646","Lytechinus","Spheciospongia","preysOn"
"647","Lytechinus","Ulva","eats"
"648","Lytechinus","Ulva","preysOn"
"649","Dictyota","Lytechinus","eatenBy"
"650","Dictyota","Lytechinus","preyedUponBy"
"651","Lytechinus","Styela","eats"
"652","Lytechinus","Styela","preysOn"
"653","Lytechinus","Taonia","eats"
"654","Lytechinus","Taonia","preysOn"
"655","Lytechinus","Tethya","eats"
"656","Lytechinus","Tethya","preysOn"
"657","Lytechinus","Polyneura","eats"
"658","Lytechinus","Polyneura","preysOn"
"659","Calliarthron","Lytechinus","eatenBy"
"660","Calliarthron","Lytechinus","preyedUponBy"
"661","Leucilla","Lytechinus","eatenBy"
"662","Leucilla","Lytechinus","preyedUponBy"
"663","Dodecaceria","Ophioplocus","eats"
"664","Dodecaceria","Ophioplocus","preysOn"
"665","Macrocystis","Ophiothrix","interactsWith"
"666","Dodecaceria","Ophiothrix","eats"
"667","Dodecaceria","Ophiothrix","preysOn"
"668","Macrocystis","Pachycerianthus","interactsWith"
"669","Parapholas","Parapholas","interactsWith"
"670","Archidistoma","Strongylocentrotus","eatenBy"
"671","Archidistoma","Strongylocentrotus","preyedUponBy"
"672","Bossiella","Strongylocentrotus","eatenBy"
"673","Bossiella","Strongylocentrotus","preyedUponBy"
"674","Callophyllis","Strongylocentrotus","eatenBy"
"675","Callophyllis","Strongylocentrotus","preyedUponBy"
"676","Chondracanthus","Strongylocentrotus","eatenBy"
"677","Chondracanthus","Strongylocentrotus","preyedUponBy"
"678","Codium","Strongylocentrotus","interactsWith"
"679","Codium","Strongylocentrotus","eatenBy"
"680","Codium","Strongylocentrotus","preyedUponBy"
"681","Corallina","Strongylocentrotus","eatenBy"
"682","Corallina","Strongylocentrotus","preyedUponBy"
"683","Cryptopleura","Strongylocentrotus","eatenBy"
"684","Cryptopleura","Strongylocentrotus","preyedUponBy"
"685","Cystoseira","Strongylocentrotus","eatenBy"
"686","Cystoseira","Strongylocentrotus","preyedUponBy"
"687","Desmarestia","Strongylocentrotus","preyedUponBy"
"688","Desmarestia","Strongylocentrotus","eatenBy"
"689","Gelidium","Strongylocentrotus","eatenBy"
"690","Gelidium","Strongylocentrotus","preyedUponBy"
"691","Gracilaria","Strongylocentrotus","eatenBy"
"692","Gracilaria","Strongylocentrotus","preyedUponBy"
"693","Laurencia","Strongylocentrotus","eatenBy"
"694","Laurencia","Strongylocentrotus","preyedUponBy"
"695","Macrocystis","Strongylocentrotus","interactsWith"
"696","Macrocystis","Strongylocentrotus","eatenBy"
"697","Macrocystis","Strongylocentrotus","preyedUponBy"
"698","Pterygophora","Strongylocentrotus","interactsWith"
"699","Pterygophora","Strongylocentrotus","eatenBy"
"700","Pterygophora","Strongylocentrotus","preyedUponBy"
"701","Rhodymenia","Strongylocentrotus","eatenBy"
"702","Rhodymenia","Strongylocentrotus","preyedUponBy"
"703","Spheciospongia","Strongylocentrotus","eatenBy"
"704","Spheciospongia","Strongylocentrotus","preyedUponBy"
"705","Strongylocentrotus","Ulva","eats"
"706","Strongylocentrotus","Ulva","preysOn"
"707","Strongylocentrotus","Urticina","preysOn"
"708","Strongylocentrotus","Urticina","interactsWith"
"709","Strongylocentrotus","Urticina","eatenBy"
"710","Strongylocentrotus","Urticina","preyedUponBy"
"711","Aglaophenia","Strongylocentrotus","eatenBy"
"712","Aglaophenia","Strongylocentrotus","preyedUponBy"
"713","Dictyota","Strongylocentrotus","eatenBy"
"714","Dictyota","Strongylocentrotus","preyedUponBy"
"715","Strongylocentrotus","Styela","eats"
"716","Strongylocentrotus","Styela","preysOn"
"717","Strongylocentrotus","Styela","eatenBy"
"718","Strongylocentrotus","Taonia","eats"
"719","Strongylocentrotus","Taonia","preysOn"
"720","Strongylocentrotus","Tethya","eats"
"721","Strongylocentrotus","Tethya","preysOn"
"722","Strongylocentrotus","Thalamoporella","eats"
"723","Strongylocentrotus","Thalamoporella","preysOn"
"724","Polyneura","Strongylocentrotus","interactsWith"
"725","Polyneura","Strongylocentrotus","eatenBy"
"726","Polyneura","Strongylocentrotus","preyedUponBy"
"727","Bugula","Strongylocentrotus","eatenBy"
"728","Bugula","Strongylocentrotus","preyedUponBy"
"729","Calliarthron","Strongylocentrotus","eatenBy"
"730","Calliarthron","Strongylocentrotus","preyedUponBy"
"731","Crisia","Strongylocentrotus","eatenBy"
"732","Crisia","Strongylocentrotus","preyedUponBy"
"733","Leucilla","Strongylocentrotus","eatenBy"
"734","Leucilla","Strongylocentrotus","preyedUponBy"
"735","Abietinaria","Strongylocentrotus","eatenBy"
"736","Abietinaria","Strongylocentrotus","preyedUponBy"
"737","Plumularia","Strongylocentrotus","eatenBy"
"738","Plumularia","Strongylocentrotus","preyedUponBy"
"739","Styela","Styela","interactsWith"
"740","Tethya","Tethya","interactsWith"
"741","Urticina","Urticina","eats"
"742","Urticina","Urticina","eatenBy"
"743","Urticina","Urticina","interactsWith"
"744","Anthopleura","Aplysia","interactsWith"
"745","Aplysia","Chondracanthus","interactsWith"
"746","Aplysia","Chondracanthus","preysOn"
"747","Aplysia","Codium","eats"
"748","Aplysia","Codium","preysOn"
"749","Aplysia","Corallina","eats"
"750","Aplysia","Corallina","preysOn"
"751","Aplysia","Cryptopleura","eats"
"752","Aplysia","Cystoseira","eats"
"753","Aplysia","Cystoseira","interactsWith"
"754","Aplysia","Cystoseira","preysOn"
"755","Aplysia","Gelidium","eats"
"756","Aplysia","Gelidium","interactsWith"
"757","Aplysia","Gelidium","preysOn"
"758","Aplysia","Gracilaria","eats"
"759","Aplysia","Laurencia","eats"
"760","Aplysia","Laurencia","interactsWith"
"761","Aplysia","Laurencia","preysOn"
"762","Aplysia","Laurencia","ecologicallyRelatedTo"
"763","Aplysia","Macrocystis","eats"
"764","Aplysia","Macrocystis","preysOn"
"765","Aplysia","Pterygophora","eats"
"766","Aplysia","Pterygophora","preysOn"
"767","Aplysia","Rhodymenia","interactsWith"
"768","Aplysia","Rhodymenia","preysOn"
"769","Aplysia","Ulva","eats"
"770","Aplysia","Ulva","preysOn"
"771","Aplysia","Dictyota","eats"
"772","Aplysia","Polyneura","interactsWith"
"773","Aplysia","Polyneura","preysOn"
"774","Anthopleura","Cancer","eats"
"775","Anthopleura","Cancer","preysOn"
"776","Cancer","Diopatra","eats"
"777","Cancer","Diopatra","preysOn"
"778","Cancer","Gracilaria","eats"
"779","Cancer","Laurencia","eats"
"780","Cancer","Ulva","eats"
"781","Cancer","Cucumaria","eats"
"782","Cancer","Cucumaria","preysOn"
"783","Cancer","Dictyota","eats"
"784","Cancer","Dodecaceria","eatenBy"
"785","Cancer","Dodecaceria","preyedUponBy"
"786","Cancer","Styela","eats"
"787","Cancer","Styela","preysOn"
"788","Abietinaria","Cancer","ecologicallyRelatedTo"
"789","Calliarthron","Lithopoma","eatenBy"
"790","Calliarthron","Lithopoma","preyedUponBy"
"791","Dodecaceria","Loxorhynchus","eats"
"792","Dodecaceria","Loxorhynchus","preysOn"
"793","Archidistoma","Megathura","eatenBy"
"794","Archidistoma","Megathura","preyedUponBy"
"795","Bossiella","Megathura","eatenBy"
"796","Bossiella","Megathura","preyedUponBy"
"797","Callophyllis","Megathura","eatenBy"
"798","Callophyllis","Megathura","preyedUponBy"
"799","Chondracanthus","Megathura","eatenBy"
"800","Chondracanthus","Megathura","preyedUponBy"
"801","Codium","Megathura","eatenBy"
"802","Codium","Megathura","preyedUponBy"
"803","Corallina","Megathura","eatenBy"
"804","Corallina","Megathura","preyedUponBy"
"805","Cryptopleura","Megathura","eatenBy"
"806","Cryptopleura","Megathura","preyedUponBy"
"807","Cystoseira","Megathura","eatenBy"
"808","Cystoseira","Megathura","preyedUponBy"
"809","Gelidium","Megathura","eatenBy"
"810","Gelidium","Megathura","preyedUponBy"
"811","Gracilaria","Megathura","eatenBy"
"812","Gracilaria","Megathura","preyedUponBy"
"813","Laurencia","Megathura","eatenBy"
"814","Laurencia","Megathura","preyedUponBy"
"815","Macrocystis","Megathura","eatenBy"
"816","Macrocystis","Megathura","preyedUponBy"
"817","Megathura","Pterygophora","eats"
"818","Megathura","Pterygophora","preysOn"
"819","Megathura","Rhodymenia","eats"
"820","Megathura","Rhodymenia","preysOn"
"821","Megathura","Ulva","eats"
"822","Megathura","Ulva","preysOn"
"823","Dictyota","Megathura","eatenBy"
"824","Dictyota","Megathura","preyedUponBy"
"825","Megathura","Styela","eats"
"826","Megathura","Styela","preysOn"
"827","Megathura","Taonia","eats"
"828","Megathura","Taonia","preysOn"
"829","Megathura","Thalamoporella","eats"
"830","Megathura","Thalamoporella","preysOn"
"831","Megathura","Polyneura","eats"
"832","Megathura","Polyneura","preysOn"
"833","Bugula","Megathura","eatenBy"
"834","Bugula","Megathura","preyedUponBy"
"835","Crisia","Megathura","eatenBy"
"836","Crisia","Megathura","preyedUponBy"
"837","Dodecaceria","Octopus","preysOn"
"838","Archidistoma","Patiria","eatenBy"
"839","Archidistoma","Patiria","preyedUponBy"
"840","Patiria","Spheciospongia","interactsWith"
"841","Patiria","Spheciospongia","preysOn"
"842","Patiria","Urticina","eatenBy"
"843","Patiria","Urticina","preyedUponBy"
"844","Patiria","Urticina","eats"
"845","Patiria","Styela","eats"
"846","Patiria","Styela","preysOn"
"847","Patiria","Thalamoporella","eats"
"848","Patiria","Thalamoporella","preysOn"
"849","Crisia","Patiria","eatenBy"
"850","Crisia","Patiria","preyedUponBy"
"851","Balanophyllia","Pisaster","preyedUponBy"
"852","Balanophyllia","Pisaster","eatenBy"
"853","Diopatra","Pisaster","interactsWith"
"854","Diopatra","Pisaster","eatenBy"
"855","Diopatra","Pisaster","preyedUponBy"
"856","Parapholas","Pisaster","interactsWith"
"857","Parapholas","Pisaster","eatenBy"
"858","Parapholas","Pisaster","preyedUponBy"
"859","Chaceia","Pisaster","eatenBy"
"860","Chaceia","Pisaster","preyedUponBy"
"861","Dodecaceria","Pisaster","preyedUponBy"
"862","Dodecaceria","Pisaster","eatenBy"
"863","Pisaster","Styela","interactsWith"
"864","Pisaster","Styela","eats"
"865","Pisaster","Styela","preysOn"
"866","Diopatra","Pycnopodia","eatenBy"
"867","Diopatra","Pycnopodia","preyedUponBy"
"868","Cucumaria","Pycnopodia","eatenBy"
"869","Cucumaria","Pycnopodia","preyedUponBy"
"870","Dodecaceria","Pycnopodia","preyedUponBy"
"871","Dodecaceria","Pycnopodia","eatenBy"
"872","Pachythyone","Pycnopodia","eatenBy"
"873","Pachythyone","Pycnopodia","preyedUponBy"
"874","Anthopleura","Dermasterias","eatenBy"
"875","Anthopleura","Dermasterias","preyedUponBy"
"876","Archidistoma","Dermasterias","eatenBy"
"877","Archidistoma","Dermasterias","preyedUponBy"
"878","Astrangia","Dermasterias","preyedUponBy"
"879","Astrangia","Dermasterias","eatenBy"
"880","Balanophyllia","Dermasterias","interactsWith"
"881","Balanophyllia","Dermasterias","preyedUponBy"
"882","Corynactis","Dermasterias","eatenBy"
"883","Corynactis","Dermasterias","preyedUponBy"
"884","Dermasterias","Ulva","eats"
"885","Dermasterias","Ulva","preysOn"
"886","Dermasterias","Urticina","interactsWith"
"887","Dermasterias","Urticina","eats"
"888","Dermasterias","Urticina","eatenBy"
"889","Dermasterias","Urticina","preysOn"
"890","Dermasterias","Urticina","preyedUponBy"
"891","Aglaophenia","Dermasterias","eatenBy"
"892","Aglaophenia","Dermasterias","preyedUponBy"
"893","Cucumaria","Dermasterias","eatenBy"
"894","Cucumaria","Dermasterias","preyedUponBy"
"895","Dermasterias","Muricea","eats"
"896","Dermasterias","Muricea","preysOn"
"897","Dermasterias","Styela","eats"
"898","Dermasterias","Styela","preysOn"
"899","Dermasterias","Tethya","interactsWith"
"900","Dermasterias","Tethya","eats"
"901","Dermasterias","Tethya","preysOn"
"902","Dermasterias","Thalamoporella","eats"
"903","Dermasterias","Thalamoporella","preysOn"
"904","Bugula","Dermasterias","eatenBy"
"905","Bugula","Dermasterias","preyedUponBy"
"906","Crisia","Dermasterias","eatenBy"
"907","Crisia","Dermasterias","preyedUponBy"
"908","Dermasterias","Leucilla","eats"
"909","Dermasterias","Leucilla","preysOn"
"910","Dermasterias","Pachythyone","eats"
"911","Dermasterias","Pachythyone","preysOn"
"912","Abietinaria","Dermasterias","eatenBy"
"913","Abietinaria","Dermasterias","preyedUponBy"
"914","Acanthocyclops","Gymnodinium","interactsWith"
"915","Acanthocyclops","Gymnodinium","eats"
"916","Acanthocyclops","Peridinium","interactsWith"
"917","Acanthocyclops","Peridinium","eats"
"918","Aglaodiaptomus","Aphanothece","eats"
"919","Aglaodiaptomus","Chlamydomonas","eats"
"920","Aglaodiaptomus","Chlorococcaceae","eats"
"921","Aglaodiaptomus","Chroococcaceae","eats"
"922","Aglaodiaptomus","Closterium","eats"
"923","Aglaodiaptomus","Cryptomonas","eats"
"924","Aglaodiaptomus","Dictyosphaerium","eats"
"925","Aglaodiaptomus","Mallomonas","eats"
"926","Aglaodiaptomus","Merismopedia","eats"
"927","Aglaodiaptomus","Navicula","eats"
"928","Aglaodiaptomus","Nitzschia","eats"
"929","Aglaodiaptomus","Scenedesmus","eats"
"930","Aglaodiaptomus","Schroederia","eats"
"931","Aglaodiaptomus","Sphaerocystis","eats"
"932","Aglaodiaptomus","Synedra","eats"
"933","Chlamydomonas","Chydorus","eatenBy"
"934","Chlamydomonas","Chydorus","preyedUponBy"
"935","Chydorus","Cryptomonas","eats"
"936","Chydorus","Nitzschia","eats"
"937","Copepod","Cryptomonas","eats"
"938","Anabaena","Daphnia","eatenBy"
"939","Ankistrodesmus","Daphnia","interactsWith"
"940","Ankistrodesmus","Daphnia","eatenBy"
"941","Aphanizomenon","Daphnia","eatenBy"
"942","Aphanocapsa","Daphnia","eatenBy"
"943","Aphanothece","Daphnia","interactsWith"
"944","Aphanothece","Daphnia","eatenBy"
"945","Chlorococcaceae","Daphnia","interactsWith"
"946","Chlorococcaceae","Daphnia","eatenBy"
"947","Chroococcaceae","Daphnia","interactsWith"
"948","Chroococcaceae","Daphnia","eatenBy"
"949","Chroococcus","Daphnia","interactsWith"
"950","Chroococcus","Daphnia","eatenBy"
"951","Closterium","Daphnia","eatenBy"
"952","Coelosphaerium","Daphnia","eatenBy"
"953","Cryptomonas","Daphnia","interactsWith"
"954","Cryptomonas","Daphnia","eatenBy"
"955","Cyclotella","Daphnia","interactsWith"
"956","Cyclotella","Daphnia","eatenBy"
"957","Daphnia","Dictyosphaerium","interactsWith"
"958","Daphnia","Dictyosphaerium","eats"
"959","Daphnia","Dictyosphaerium","preysOn"
"960","Daphnia","Fragilaria","eats"
"961","Daphnia","Lyngbya","eats"
"962","Daphnia","Mallomonas","eats"
"963","Daphnia","Mallomonas","preysOn"
"964","Daphnia","Merismopedia","eats"
"965","Daphnia","Merismopedia","interactsWith"
"966","Daphnia","Microcystis","interactsWith"
"967","Daphnia","Microcystis","eats"
"968","Daphnia","Monoraphidium","eats"
"969","Daphnia","Navicula","eats"
"970","Daphnia","Navicula","preysOn"
"971","Daphnia","Nitzschia","eats"
"972","Daphnia","Oocystis","interactsWith"
"973","Daphnia","Oocystis","eats"
"974","Daphnia","Oscillatoria","interactsWith"
"975","Daphnia","Oscillatoria","eats"
"976","Daphnia","Peridinium","interactsWith"
"977","Daphnia","Peridinium","eats"
"978","Daphnia","Peridinium","preysOn"
"979","Daphnia","Quadrigula","interactsWith"
"980","Daphnia","Quadrigula","eats"
"981","Daphnia","Scenedesmus","eats"
"982","Daphnia","Scenedesmus","interactsWith"
"983","Daphnia","Schroederia","interactsWith"
"984","Daphnia","Schroederia","eats"
"985","Daphnia","Sphaerocystis","interactsWith"
"986","Daphnia","Sphaerocystis","eats"
"987","Daphnia","Sphaerocystis","preysOn"
"988","Daphnia","Synedra","interactsWith"
"989","Daphnia","Synedra","eats"
"990","Diacyclops","Gymnodinium","eats"
"991","Diacyclops","Gymnodinium","preysOn"
"992","Diacyclops","Peridinium","eats"
"993","Ankistrodesmus","Diaphanosoma","interactsWith"
"994","Ankistrodesmus","Diaphanosoma","eatenBy"
"995","Aphanothece","Diaphanosoma","interactsWith"
"996","Chlorococcaceae","Diaphanosoma","interactsWith"
"997","Chroococcaceae","Diaphanosoma","interactsWith"
"998","Chroococcaceae","Diaphanosoma","eatenBy"
"999","Chroococcus","Diaphanosoma","interactsWith"
"1000","Chroococcus","Diaphanosoma","eatenBy"
"1001","Cryptomonas","Diaphanosoma","interactsWith"
"1002","Cryptomonas","Diaphanosoma","eatenBy"
"1003","Diaphanosoma","Dictyosphaerium","interactsWith"
"1004","Diaphanosoma","Dictyosphaerium","eats"
"1005","Diaphanosoma","Merismopedia","interactsWith"
"1006","Diaphanosoma","Monoraphidium","eats"
"1007","Diaphanosoma","Peridinium","interactsWith"
"1008","Diaphanosoma","Peridinium","eats"
"1009","Diaphanosoma","Peridinium","preysOn"
"1010","Diaphanosoma","Scenedesmus","interactsWith"
"1011","Diaphanosoma","Schroederia","interactsWith"
"1012","Gymnodinium","Leptodora","interactsWith"
"1013","Gymnodinium","Leptodora","eatenBy"
"1014","Gymnodinium","Leptodora","preyedUponBy"
"1015","Leptodora","Peridinium","interactsWith"
"1016","Leptodora","Peridinium","eats"
"1017","Cryptomonas","Mesocyclops","eatenBy"
"1018","Gymnodinium","Mesocyclops","interactsWith"
"1019","Gymnodinium","Mesocyclops","eatenBy"
"1020","Gymnodinium","Mesocyclops","preyedUponBy"
"1021","Mesocyclops","Peridinium","interactsWith"
"1022","Mesocyclops","Peridinium","eats"
"1023","Ankistrodesmus","Tropocyclops","interactsWith"
"1024","Aphanocapsa","Tropocyclops","interactsWith"
"1025","Aphanothece","Tropocyclops","interactsWith"
"1026","Chlorococcaceae","Tropocyclops","interactsWith"
"1027","Chroococcaceae","Tropocyclops","interactsWith"
"1028","Coelosphaerium","Tropocyclops","interactsWith"
"1029","Gymnodinium","Tropocyclops","interactsWith"
"1030","Gymnodinium","Tropocyclops","eatenBy"
"1031","Merismopedia","Tropocyclops","interactsWith"
"1032","Peridinium","Tropocyclops","interactsWith"
"1033","Peridinium","Tropocyclops","eatenBy"
"1034","Scenedesmus","Tropocyclops","interactsWith"
"1035","Schroederia","Tropocyclops","interactsWith"
"1036","Synedra","Tropocyclops","interactsWith"
"1037","Colinus","Melanoplus","eats"
"1038","Melanoplus","Sialia","eatenBy"
"1039","Melanoplus","Vireo","eatenBy"
"1040","Cardinalis","Syrbula","preysOn"
"1041","Agelaius","Ambrosia","eats"
"1042","Agelaius","Andropogon","eats"
"1043","Agelaius","Bouteloua","eats"
"1044","Agelaius","Carex","eats"
"1045","Agelaius","Cyperus","eats"
"1046","Agelaius","Digitaria","eats"
"1047","Agelaius","Eleocharis","eats"
"1048","Agelaius","Lactuca","pathogenOf"
"1049","Agelaius","Lespedeza","eats"
"1050","Agelaius","Panicum","eats"
"1051","Agelaius","Rhus","eats"
"1052","Agelaius","Solanum","eats"
"1053","Agelaius","Solanum","interactsWith"
"1054","Agelaius","Sporobolus","eats"
"1055","Agelaius","Cornus","visitsFlowersOf"
"1056","Agelaius","Setaria","eats"
"1057","Acalypha","Agelaius","eatenBy"
"1058","Agelaius","Hedeoma","eats"
"1059","Agelaius","Polygonum","eats"
"1060","Agelaius","Croton","eats"
"1061","Agelaius","Helianthus","eats"
"1062","Agrostis","Ammodramus","eatenBy"
"1063","Ambrosia","Ammodramus","eatenBy"
"1064","Ammodramus","Andropogon","eats"
"1065","Ammodramus","Carex","eats"
"1066","Ammodramus","Dichanthelium","eats"
"1067","Ammodramus","Digitaria","eats"
"1068","Ammodramus","Oxalis","eats"
"1069","Ammodramus","Panicum","eats"
"1070","Ammodramus","Schizachyrium","eats"
"1071","Ammodramus","Solanum","interactsWith"
"1072","Ammodramus","Sorghastrum","eats"
"1073","Ammodramus","Sporobolus","eats"
"1074","Ammodramus","Vicia","eats"
"1075","Ammodramus","Setaria","eats"
"1076","Acalypha","Ammodramus","eatenBy"
"1077","Ammodramus","Juncus","interactsWith"
"1078","Ammodramus","Polygala","eats"
"1079","Baeolophus","Cornus","eats"
"1080","Baeolophus","Cornus","mutualistOf"
"1081","Baeolophus","Cornus","dispersalVectorOf"
"1082","Baeolophus","Helianthus","eats"
"1083","Baeolophus","Prunus","eats"
"1084","Baeolophus","Toxicodendron","eats"
"1085","Baeolophus","Toxicodendron","mutualistOf"
"1086","Baeolophus","Toxicodendron","dispersalVectorOf"
"1087","Ambrosia","Cardinalis","eatenBy"
"1088","Ambrosia","Cardinalis","interactsWith"
"1089","Cardinalis","Carex","eats"
"1090","Cardinalis","Digitaria","eats"
"1091","Cardinalis","Euphorbia","eats"
"1092","Cardinalis","Juniperus","interactsWith"
"1093","Cardinalis","Mimosa","eats"
"1094","Cardinalis","Rhus","eats"
"1095","Cardinalis","Rhus","interactsWith"
"1096","Cardinalis","Rhus","visitsFlowersOf"
"1097","Cardinalis","Rosa","eats"
"1098","Cardinalis","Ulmus","interactsWith"
"1099","Cardinalis","Ulmus","eats"
"1100","Cardinalis","Ulmus","visitsFlowersOf"
"1101","Cardinalis","Verbena","eats"
"1102","Cardinalis","Cornus","eats"
"1103","Cardinalis","Cornus","mutualistOf"
"1104","Cardinalis","Cornus","dispersalVectorOf"
"1105","Cardinalis","Cornus","visitsFlowersOf"
"1106","Cardinalis","Opuntia","interactsWith"
"1107","Cardinalis","Opuntia","eats"
"1108","Cardinalis","Celtis","eats"
"1109","Cardinalis","Juncus","interactsWith"
"1110","Cardinalis","Polygonum","eats"
"1111","Cardinalis","Croton","eats"
"1112","Cardinalis","Helianthus","eats"
"1113","Cardinalis","Prunus","eats"
"1114","Cardinalis","Rubus","eats"
"1115","Cardinalis","Toxicodendron","eats"
"1116","Cardinalis","Cercis","interactsWith"
"1117","Cardinalis","Cercis","eats"
"1118","Ambrosia","Carduelis","eatenBy"
"1119","Aristida","Carduelis","interactsWith"
"1120","Artemisia","Carduelis","eatenBy"
"1121","Artemisia","Carduelis","interactsWith"
"1122","Bouteloua","Carduelis","interactsWith"
"1123","Carduelis","Carex","eats"
"1124","Carduelis","Cirsium","eats"
"1125","Carduelis","Cirsium","interactsWith"
"1126","Carduelis","Cirsium","visitsFlowersOf"
"1127","Carduelis","Cirsium","visits"
"1128","Carduelis","Conyza","eats"
"1129","Carduelis","Echinacea","interactsWith"
"1130","Carduelis","Echinacea","eats"
"1131","Carduelis","Echinacea","visitsFlowersOf"
"1132","Carduelis","Echinacea","visits"
"1133","Carduelis","Erigeron","eats"
"1134","Carduelis","Geranium","eats"
"1135","Carduelis","Gleditsia","eats"
"1136","Carduelis","Juniperus","eats"
"1137","Carduelis","Juniperus","interactsWith"
"1138","Carduelis","Lactuca","eats"
"1139","Carduelis","Oenothera","interactsWith"
"1140","Carduelis","Oenothera","eats"
"1141","Carduelis","Oenothera","visitsFlowersOf"
"1142","Carduelis","Panicum","eats"
"1143","Carduelis","Plantago","eats"
"1144","Carduelis","Poa","eats"
"1145","Carduelis","Rhus","interactsWith"
"1146","Carduelis","Rosa","eats"
"1147","Carduelis","Rosa","dispersalVectorOf"
"1148","Carduelis","Rosa","visitsFlowersOf"
"1149","Carduelis","Salvia","interactsWith"
"1150","Carduelis","Salvia","eats"
"1151","Carduelis","Solanum","eats"
"1152","Carduelis","Solidago","adjacentTo"
"1153","Carduelis","Symphyotrichum","eats"
"1154","Carduelis","Ulmus","eats"
"1155","Carduelis","Ulmus","visitsFlowersOf"
"1156","Carduelis","Ulmus","visits"
"1157","Carduelis","Verbena","eats"
"1158","Carduelis","Verbena","interactsWith"
"1159","Carduelis","Vernonia","eats"
"1160","Carduelis","Vicia","eats"
"1161","Carduelis","Monarda","interactsWith"
"1162","Carduelis","Monarda","eats"
"1163","Carduelis","Tridens","interactsWith"
"1164","Carduelis","Setaria","eats"
"1165","Carduelis","Chloris","interactsWith"
"1166","Carduelis","Polygonum","eats"
"1167","Carduelis","Geum","eats"
"1168","Carduelis","Helianthus","eats"
"1169","Carduelis","Helianthus","interactsWith"
"1170","Carduelis","Helianthus","visits"
"1171","Carduelis","Prunus","eats"
"1172","Carduelis","Prunus","interactsWith"
"1173","Carduelis","Chaerophyllum","eats"
"1174","Carduelis","Rubus","eats"
"1175","Carduelis","Rubus","dispersalVectorOf"
"1176","Carduelis","Rubus","visitsFlowersOf"
"1177","Cirsium","Coccyzus","interactsWith"
"1178","Coccyzus","Solanum","eats"
"1179","Coccyzus","Ulmus","interactsWith"
"1180","Coccyzus","Opuntia","eats"
"1181","Coccyzus","Rubus","eats"
"1182","Colaptes","Rhus","eats"
"1183","Colaptes","Solanum","eats"
"1184","Colaptes","Ulmus","interactsWith"
"1185","Colaptes","Ulmus","visitsFlowersOf"
"1186","Colaptes","Cornus","eats"
"1187","Colaptes","Cornus","mutualistOf"
"1188","Colaptes","Cornus","dispersalVectorOf"
"1189","Colaptes","Croton","eats"
"1190","Colaptes","Prunus","eats"
"1191","Colaptes","Prunus","mutualistOf"
"1192","Colaptes","Prunus","dispersalVectorOf"
"1193","Ambrosia","Colinus","eatenBy"
"1194","Carex","Colinus","eatenBy"
"1195","Colinus","Cyperus","eats"
"1196","Colinus","Descurainia","eats"
"1197","Colinus","Desmodium","eats"
"1198","Colinus","Dichanthelium","eats"
"1199","Colinus","Digitaria","eats"
"1200","Colinus","Geranium","eats"
"1201","Colinus","Lespedeza","eats"
"1202","Colinus","Mimosa","eats"
"1203","Colinus","Oxalis","eats"
"1204","Colinus","Panicum","eats"
"1205","Colinus","Pediomelum","eats"
"1206","Colinus","Physalis","eats"
"1207","Colinus","Psoralea","eats"
"1208","Colinus","Rhus","eats"
"1209","Colinus","Verbena","eats"
"1210","Colinus","Vicia","eats"
"1211","Colinus","Viola","eats"
"1212","Colinus","Setaria","eats"
"1213","Celtis","Colinus","eatenBy"
"1214","Colinus","Polygonum","eats"
"1215","Colinus","Croton","eats"
"1216","Colinus","Helianthus","eats"
"1217","Colinus","Prunus","eats"
"1218","Colinus","Rubus","eats"
"1219","Colinus","Strophostyles","eats"
"1220","Colinus","Desmanthus","eats"
"1221","Contopus","Panicum","eats"
"1222","Contopus","Ulmus","visitsFlowersOf"
"1223","Contopus","Cornus","eats"
"1224","Contopus","Rubus","eats"
"1225","Contopus","Toxicodendron","eats"
"1226","Ambrosia","Corvus","eatenBy"
"1227","Bromus","Corvus","eatenBy"
"1228","Cirsium","Corvus","eatenBy"
"1229","Cirsium","Corvus","interactsWith"
"1230","Corvus","Cyperus","eats"
"1231","Corvus","Desmodium","eats"
"1232","Corvus","Echinacea","preysOn"
"1233","Corvus","Echinacea","eats"
"1234","Corvus","Euphorbia","eats"
"1235","Corvus","Hordeum","eats"
"1236","Corvus","Physalis","eats"
"1237","Corvus","Rhus","eats"
"1238","Corvus","Rosa","eats"
"1239","Corvus","Solanum","eats"
"1240","Corvus","Symphoricarpos","eats"
"1241","Corvus","Ulmus","interactsWith"
"1242","Corvus","Ulmus","visitsFlowersOf"
"1243","Corvus","Vicia","eats"
"1244","Cornus","Corvus","eatenBy"
"1245","Cornus","Corvus","interactsWith"
"1246","Cornus","Corvus","hasDispersalVector"
"1247","Corvus","Opuntia","eats"
"1248","Celtis","Corvus","eatenBy"
"1249","Chloris","Corvus","eatenBy"
"1250","Corvus","Geum","eats"
"1251","Corvus","Helianthus","eats"
"1252","Corvus","Prunus","eats"
"1253","Corvus","Prunus","interactsWith"
"1254","Corvus","Prunus","dispersalVectorOf"
"1255","Chaerophyllum","Corvus","eatenBy"
"1256","Corvus","Rubus","eats"
"1257","Cyanocitta","Gleditsia","interactsWith"
"1258","Cyanocitta","Juniperus","eats"
"1259","Cyanocitta","Juniperus","interactsWith"
"1260","Cyanocitta","Rhus","interactsWith"
"1261","Cyanocitta","Ulmus","interactsWith"
"1262","Cyanocitta","Ulmus","visitsFlowersOf"
"1263","Cyanocitta","Helianthus","eats"
"1264","Cyanocitta","Prunus","eats"
"1265","Cyanocitta","Rubus","eats"
"1266","Dumetella","Rhus","eats"
"1267","Dumetella","Solanum","eats"
"1268","Dumetella","Ulmus","visitsFlowersOf"
"1269","Cornus","Dumetella","eatenBy"
"1270","Cornus","Dumetella","flowersVisitedBy"
"1271","Dumetella","Opuntia","eats"
"1272","Celtis","Dumetella","eatenBy"
"1273","Dumetella","Prunus","eats"
"1274","Dumetella","Senna","eats"
"1275","Dumetella","Toxicodendron","eats"
"1276","Geothlypis","Rhus","interactsWith"
"1277","Geothlypis","Ulmus","visitsFlowersOf"
"1278","Cornus","Geothlypis","flowersVisitedBy"
"1279","Geothlypis","Prunus","eats"
"1280","Ceanothus","Icterus","eatenBy"
"1281","Icterus","Rhus","interactsWith"
"1282","Icterus","Salvia","eats"
"1283","Icterus","Solanum","eats"
"1284","Icterus","Vernonia","interactsWith"
"1285","Melanerpes","Rhus","eats"
"1286","Melanerpes","Rhus","interactsWith"
"1287","Melanerpes","Solanum","eats"
"1288","Melanerpes","Ulmus","visitsFlowersOf"
"1289","Cornus","Melanerpes","eatenBy"
"1290","Melanerpes","Opuntia","eats"
"1291","Celtis","Melanerpes","eatenBy"
"1292","Croton","Melanerpes","eatenBy"
"1293","Helianthus","Melanerpes","eatenBy"
"1294","Melanerpes","Prunus","eats"
"1295","Melanerpes","Prunus","mutualistOf"
"1296","Melanerpes","Prunus","dispersalVectorOf"
"1297","Melanerpes","Prunus","visitsFlowersOf"
"1298","Melanerpes","Rubus","eats"
"1299","Melanerpes","Toxicodendron","eats"
"1300","Melanerpes","Toxicodendron","mutualistOf"
"1301","Melanerpes","Toxicodendron","dispersalVectorOf"
"1302","Ambrosia","Molothrus","eatenBy"
"1303","Andropogon","Molothrus","eatenBy"
"1304","Carex","Molothrus","eatenBy"
"1305","Cyperus","Molothrus","eatenBy"
"1306","Digitaria","Molothrus","eatenBy"
"1307","Lespedeza","Molothrus","eatenBy"
"1308","Molothrus","Panicum","eats"
"1309","Molothrus","Poa","interactsWith"
"1310","Molothrus","Solanum","eats"
"1311","Molothrus","Sporobolus","eats"
"1312","Molothrus","Setaria","eats"
"1313","Acalypha","Molothrus","eatenBy"
"1314","Celtis","Molothrus","eatenBy"
"1315","Hedeoma","Molothrus","eatenBy"
"1316","Molothrus","Polygonum","eats"
"1317","Helianthus","Molothrus","eatenBy"
"1318","Molothrus","Prunus","eats"
"1319","Molothrus","Rubus","eats"
"1320","Hybanthus","Myiarchus","interactsWith"
"1321","Myiarchus","Solanum","eats"
"1322","Myiarchus","Solanum","mutualistOf"
"1323","Myiarchus","Solanum","dispersalVectorOf"
"1324","Myiarchus","Vicia","eats"
"1325","Myiarchus","Opuntia","eats"
"1326","Celtis","Myiarchus","eatenBy"
"1327","Croton","Myiarchus","eatenBy"
"1328","Myiarchus","Prunus","eats"
"1329","Myiarchus","Prunus","dispersalVectorOf"
"1330","Myiarchus","Rubus","eats"
"1331","Digitaria","Passerina","eatenBy"
"1332","Panicum","Passerina","eatenBy"
"1333","Passerina","Plantago","eats"
"1334","Passerina","Poa","eats"
"1335","Passerina","Salvia","eats"
"1336","Passerina","Solanum","eats"
"1337","Passerina","Sorghastrum","eats"
"1338","Passerina","Sporobolus","eats"
"1339","Passerina","Teucrium","eats"
"1340","Passerina","Tragia","eats"
"1341","Passerina","Ulmus","eats"
"1342","Passerina","Verbena","eats"
"1343","Passerina","Vernonia","interactsWith"
"1344","Passerina","Vicia","eats"
"1345","Opuntia","Passerina","eatenBy"
"1346","Celtis","Passerina","eatenBy"
"1347","Passerina","Polygonum","eats"
"1348","Passerina","Prunus","interactsWith"
"1349","Passerina","Prunus","eats"
"1350","Passerina","Rubus","eats"
"1351","Juniperus","Picoides","eatenBy"
"1352","Mimosa","Picoides","adjacentTo"
"1353","Picoides","Rhus","interactsWith"
"1354","Picoides","Rosa","eats"
"1355","Picoides","Ulmus","visitsFlowersOf"
"1356","Cornus","Picoides","eatenBy"
"1357","Cornus","Picoides","flowersVisitedBy"
"1358","Opuntia","Picoides","interactsWith"
"1359","Chloris","Picoides","eatenBy"
"1360","Helianthus","Picoides","eatenBy"
"1361","Picoides","Prunus","eats"
"1362","Picoides","Prunus","dispersalVectorOf"
"1363","Picoides","Prunus","visitsFlowersOf"
"1364","Picoides","Rubus","eats"
"1365","Picoides","Toxicodendron","eats"
"1366","Picoides","Toxicodendron","mutualistOf"
"1367","Picoides","Toxicodendron","dispersalVectorOf"
"1368","Piranga","Rosa","eats"
"1369","Piranga","Solanum","eats"
"1370","Piranga","Ulmus","visitsFlowersOf"
"1371","Cornus","Piranga","eatenBy"
"1372","Opuntia","Piranga","eatenBy"
"1373","Celtis","Piranga","eatenBy"
"1374","Croton","Piranga","eatenBy"
"1375","Piranga","Prunus","eats"
"1376","Piranga","Prunus","mutualistOf"
"1377","Piranga","Prunus","dispersalVectorOf"
"1378","Piranga","Rubus","eats"
"1379","Piranga","Toxicodendron","eats"
"1380","Juniperus","Poecile","eatenBy"
"1381","Juniperus","Poecile","interactsWith"
"1382","Poecile","Rhus","interactsWith"
"1383","Poecile","Rosa","eats"
"1384","Poecile","Rosa","visitsFlowersOf"
"1385","Poecile","Solanum","eats"
"1386","Poecile","Solanum","interactsWith"
"1387","Poecile","Solanum","dispersalVectorOf"
"1388","Poecile","Solidago","eats"
"1389","Poecile","Solidago","visitsFlowersOf"
"1390","Poecile","Symphoricarpos","eats"
"1391","Poecile","Ulmus","interactsWith"
"1392","Poecile","Ulmus","visitsFlowersOf"
"1393","Poecile","Vernonia","interactsWith"
"1394","Cornus","Poecile","eatenBy"
"1395","Cornus","Poecile","flowersVisitedBy"
"1396","Helianthus","Poecile","eatenBy"
"1397","Helianthus","Poecile","preyedUponBy"
"1398","Poecile","Prunus","eats"
"1399","Poecile","Prunus","dispersalVectorOf"
"1400","Poecile","Prunus","interactsWith"
"1401","Poecile","Prunus","visits"
"1402","Poecile","Rubus","eats"
"1403","Poecile","Rubus","interactsWith"
"1404","Poecile","Rubus","dispersalVectorOf"
"1405","Poecile","Toxicodendron","eats"
"1406","Poecile","Toxicodendron","mutualistOf"
"1407","Poecile","Toxicodendron","dispersalVectorOf"
"1408","Cercis","Poecile","interactsWith"
"1409","Cercis","Poecile","eatenBy"
"1410","Polioptila","Prunus","visits"
"1411","Ambrosia","Sialia","eatenBy"
"1412","Amorpha","Sialia","preyedUponBy"
"1413","Juniperus","Sialia","eatenBy"
"1414","Panicum","Sialia","eatenBy"
"1415","Rhus","Sialia","eatenBy"
"1416","Rhus","Sialia","interactsWith"
"1417","Rosa","Sialia","eatenBy"
"1418","Sialia","Solanum","eats"
"1419","Cornus","Sialia","eatenBy"
"1420","Opuntia","Sialia","interactsWith"
"1421","Setaria","Sialia","eatenBy"
"1422","Celtis","Sialia","eatenBy"
"1423","Polygonum","Sialia","eatenBy"
"1424","Prunus","Sialia","eatenBy"
"1425","Rubus","Sialia","eatenBy"
"1426","Sialia","Toxicodendron","eats"
"1427","Juniperus","Sitta","eatenBy"
"1428","Juniperus","Sitta","interactsWith"
"1429","Rosa","Sitta","eatenBy"
"1430","Sitta","Solanum","interactsWith"
"1431","Sitta","Solanum","eats"
"1432","Sitta","Solanum","dispersalVectorOf"
"1433","Sitta","Ulmus","visitsFlowersOf"
"1434","Cornus","Sitta","eatenBy"
"1435","Celtis","Sitta","interactsWith"
"1436","Helianthus","Sitta","eatenBy"
"1437","Helianthus","Sitta","preyedUponBy"
"1438","Prunus","Sitta","eatenBy"
"1439","Prunus","Sitta","hasDispersalVector"
"1440","Rubus","Sitta","eatenBy"
"1441","Spiza","Toxicodendron","eats"
"1442","Andropogon","Spizella","eatenBy"
"1443","Aristida","Spizella","eatenBy"
"1444","Artemisia","Spizella","interactsWith"
"1445","Bouteloua","Spizella","eatenBy"
"1446","Bromus","Spizella","eatenBy"
"1447","Carex","Spizella","eatenBy"
"1448","Cirsium","Spizella","eatenBy"
"1449","Cyperus","Spizella","eatenBy"
"1450","Digitaria","Spizella","eatenBy"
"1451","Euphorbia","Spizella","eatenBy"
"1452","Juniperus","Spizella","interactsWith"
"1453","Oxalis","Spizella","eatenBy"
"1454","Panicum","Spizella","eatenBy"
"1455","Plantago","Spizella","eatenBy"
"1456","Poa","Spizella","eatenBy"
"1457","Solanum","Spizella","eatenBy"
"1458","Sorghastrum","Spizella","eatenBy"
"1459","Spizella","Teucrium","eats"
"1460","Cornus","Spizella","flowersVisitedBy"
"1461","Opuntia","Spizella","interactsWith"
"1462","Setaria","Spizella","eatenBy"
"1463","Acalypha","Spizella","eatenBy"
"1464","Chloris","Spizella","eatenBy"
"1465","Polygonum","Spizella","eatenBy"
"1466","Spizella","Vulpia","eats"
"1467","Prunus","Spizella","interactsWith"
"1468","Juniperus","Toxostoma","eatenBy"
"1469","Rhus","Toxostoma","eatenBy"
"1470","Cornus","Toxostoma","eatenBy"
"1471","Opuntia","Toxostoma","interactsWith"
"1472","Celtis","Toxostoma","eatenBy"
"1473","Prunus","Toxostoma","eatenBy"
"1474","Rubus","Toxostoma","eatenBy"
"1475","Toxicodendron","Toxostoma","eatenBy"
"1476","Rosa","Troglodytes","eatenBy"
"1477","Solanum","Troglodytes","eatenBy"
"1478","Cornus","Troglodytes","eatenBy"
"1479","Prunus","Troglodytes","eatenBy"
"1480","Rubus","Troglodytes","eatenBy"
"1481","Ambrosia","Turdus","eatenBy"
"1482","Mimosa","Turdus","adjacentTo"
"1483","Oxalis","Turdus","eatenBy"
"1484","Panicum","Turdus","eatenBy"
"1485","Rhus","Turdus","eatenBy"
"1486","Rhus","Turdus","interactsWith"
"1487","Rhus","Turdus","preyedUponBy"
"1488","Rosa","Turdus","interactsWith"
"1489","Rosa","Turdus","hasDispersalVector"
"1490","Rosa","Turdus","eatenBy"
"1491","Solanum","Turdus","hasDispersalVector"
"1492","Solanum","Turdus","eatenBy"
"1493","Solanum","Turdus","interactsWith"
"1494","Solanum","Turdus","mutualistOf"
"1495","Symphoricarpos","Turdus","interactsWith"
"1496","Symphoricarpos","Turdus","eatenBy"
"1497","Turdus","Ulmus","visitsFlowersOf"
"1498","Cornus","Turdus","eatenBy"
"1499","Cornus","Turdus","mutualistOf"
"1500","Cornus","Turdus","hasDispersalVector"
"1501","Cornus","Turdus","interactsWith"
"1502","Cornus","Turdus","flowersVisitedBy"
"1503","Croton","Turdus","eatenBy"
"1504","Croton","Turdus","hasVector"
"1505","Rhus","Tyrannus","eatenBy"
"1506","Solanum","Tyrannus","eatenBy"
"1507","Tyrannus","Ulmus","visitsFlowersOf"
"1508","Cornus","Tyrannus","eatenBy"
"1509","Croton","Tyrannus","eatenBy"
"1510","Prunus","Tyrannus","eatenBy"
"1511","Prunus","Tyrannus","mutualistOf"
"1512","Prunus","Tyrannus","hasDispersalVector"
"1513","Digitaria","Vireo","eatenBy"
"1514","Gleditsia","Vireo","eatenBy"
"1515","Juniperus","Vireo","eatenBy"
"1516","Juniperus","Vireo","interactsWith"
"1517","Oxalis","Vireo","eatenBy"
"1518","Rhus","Vireo","eatenBy"
"1519","Rosa","Vireo","eatenBy"
"1520","Solanum","Vireo","eatenBy"
"1521","Cornus","Vireo","eatenBy"
"1522","Cornus","Vireo","mutualistOf"
"1523","Cornus","Vireo","hasDispersalVector"
"1524","Opuntia","Vireo","eatenBy"
"1525","Celtis","Vireo","eatenBy"
"1526","Celtis","Vireo","interactsWith"
"1527","Polygonum","Vireo","eatenBy"
"1528","Prunus","Vireo","eatenBy"
"1529","Prunus","Vireo","hasDispersalVector"
"1530","Rubus","Vireo","eatenBy"
"1531","Toxicodendron","Vireo","eatenBy"
"1532","Ambrosia","Zenaida","eatenBy"
"1533","Cirsium","Zenaida","eatenBy"
"1534","Eleocharis","Zenaida","eatenBy"
"1535","Euphorbia","Zenaida","eatenBy"
"1536","Geranium","Zenaida","eatenBy"
"1537","Hordeum","Zenaida","eatenBy"
"1538","Juniperus","Zenaida","interactsWith"
"1539","Lepidium","Zenaida","eatenBy"
"1540","Lithospermum","Zenaida","eatenBy"
"1541","Mirabilis","Zenaida","eatenBy"
"1542","Oenothera","Zenaida","eatenBy"
"1543","Oxalis","Zenaida","eatenBy"
"1544","Panicum","Zenaida","eatenBy"
"1545","Plantago","Zenaida","eatenBy"
"1546","Poa","Zenaida","eatenBy"
"1547","Solanum","Zenaida","eatenBy"
"1548","Tragia","Zenaida","eatenBy"
"1549","Ulmus","Zenaida","flowersVisitedBy"
"1550","Verbena","Zenaida","eatenBy"
"1551","Vicia","Zenaida","eatenBy"
"1552","Viola","Zenaida","eatenBy"
"1553","Cornus","Zenaida","eatenBy"
"1554","Setaria","Zenaida","eatenBy"
"1555","Acalypha","Zenaida","eatenBy"
"1556","Celtis","Zenaida","eatenBy"
"1557","Celtis","Zenaida","interactsWith"
"1558","Polygonum","Zenaida","eatenBy"
"1559","Vulpia","Zenaida","eatenBy"
"1560","Croton","Zenaida","eatenBy"
"1561","Helianthus","Zenaida","eatenBy"
"1562","Prunus","Zenaida","eatenBy"
"1563","Prunus","Zenaida","interactsWith"
"1564","Rubus","Zenaida","eatenBy"
"1565","Senna","Zenaida","eatenBy"
"1566","Toxicodendron","Zenaida","eatenBy"
"1567","Polygala","Zenaida","eatenBy"
"1568","Carex","Pipilo","eatenBy"
"1569","Juniperus","Pipilo","visitedBy"
"1570","Pipilo","Plantago","eats"
"1571","Pipilo","Rhus","eats"
"1572","Pipilo","Solanum","eats"
"1573","Pipilo","Symphoricarpos","eats"
"1574","Cornus","Pipilo","eatenBy"
"1575","Cornus","Pipilo","mutualistOf"
"1576","Cornus","Pipilo","hasDispersalVector"
"1577","Pipilo","Polygonum","eats"
"1578","Croton","Pipilo","eatenBy"
"1579","Pipilo","Prunus","eats"
"1580","Pipilo","Prunus","interactsWith"
"1581","Pipilo","Rubus","eats"
"1582","Pipilo","Toxicodendron","eats"
"1583","Cornus","Tachycineta","eatenBy"
"1584","Chondestes","Juniperus","interactsWith"
"1585","Cornus","Thryothorus","interactsWith"
"1586","Buteo","Melanoplus","eats"
"1587","Corvus","Melanoplus","eats"
"1588","Melanoplus","Turdus","eatenBy"
"1589","Melanoplus","Tyrannus","eatenBy"
"1590","Blarina","Buteo","eatenBy"
"1591","Blarina","Buteo","preysOn"
"1592","Blarina","Buteo","preyedUponBy"
"1593","Blarina","Corvus","preyedUponBy"
"1594","Corvus","Microtus","eats"
"1595","Corvus","Microtus","interactsWith"
"1596","Buteo","Peromyscus","interactsWith"
"1597","Buteo","Peromyscus","eats"
"1598","Buteo","Peromyscus","preysOn"
"1599","Corvus","Peromyscus","eats"
"1600","Peromyscus","Sialia","interactsWith"
"1601","Peromyscus","Sitta","interactsWith"
"1602","Peromyscus","Sitta","eats"
"1603","Peromyscus","Tachycineta","interactsWith"
"1604","Buteo","Reithrodontomys","eats"
"1605","Corvus","Reithrodontomys","eats"
"1606","Colinus","Sigmodon","interactsWith"
"1607","Ammodramus","Spermophilus","interactsWith"
"1608","Buteo","Spermophilus","interactsWith"
"1609","Buteo","Spermophilus","eats"
"1610","Buteo","Spermophilus","preysOn"
"1611","Corvus","Spermophilus","interactsWith"
"1612","Corvus","Spermophilus","eats"
"1613","Passerina","Spermophilus","interactsWith"
"1614","Phasianus","Spermophilus","interactsWith"
"1615","Spermophilus","Spizella","interactsWith"
"1616","Melanoplus","Polygala","eats"
"1617","Blarina","Juniperus","interactsWith"
"1618","Blarina","Oligoneuron","interactsWith"
"1619","Blarina","Solidago","interactsWith"
"1620","Blarina","Cornus","interactsWith"
"1621","Blarina","Prunus","interactsWith"
"1622","Achillea","Microtus","eatenBy"
"1623","Agrostis","Microtus","interactsWith"
"1624","Agrostis","Microtus","eatenBy"
"1625","Carex","Microtus","eatenBy"
"1626","Elymus","Microtus","eatenBy"
"1627","Microtus","Muhlenbergia","eats"
"1628","Microtus","Oligoneuron","eats"
"1629","Microtus","Oligoneuron","interactsWith"
"1630","Microtus","Oxalis","eats"
"1631","Microtus","Panicum","eats"
"1632","Microtus","Plantago","eats"
"1633","Microtus","Poa","eats"
"1634","Microtus","Rosa","eats"
"1635","Microtus","Solidago","eats"
"1636","Microtus","Solidago","interactsWith"
"1637","Microtus","Symphyotrichum","eats"
"1638","Cornus","Microtus","eatenBy"
"1639","Microtus","Setaria","interactsWith"
"1640","Helianthus","Microtus","eatenBy"
"1641","Helianthus","Microtus","interactsWith"
"1642","Microtus","Rubus","eats"
"1643","Juniperus","Peromyscus","interactsWith"
"1644","Oligoneuron","Peromyscus","interactsWith"
"1645","Peromyscus","Schizachyrium","eats"
"1646","Peromyscus","Solidago","interactsWith"
"1647","Cornus","Peromyscus","interactsWith"
"1648","Peromyscus","Setaria","interactsWith"
"1649","Peromyscus","Prunus","interactsWith"
"1650","Peromyscus","Prunus","eats"
"1651","Schizachyrium","Sigmodon","eatenBy"
"1652","Achillea","Spermophilus","eatenBy"
"1653","Artemisia","Spermophilus","interactsWith"
"1654","Artemisia","Spermophilus","eatenBy"
"1655","Carex","Spermophilus","interactsWith"
"1656","Carex","Spermophilus","adjacentTo"
"1657","Carex","Spermophilus","eatenBy"
"1658","Cirsium","Spermophilus","eatenBy"
"1659","Lepidium","Spermophilus","interactsWith"
"1660","Poa","Spermophilus","eatenBy"
"1661","Ratibida","Spermophilus","interactsWith"
"1662","Spermophilus","Sporobolus","interactsWith"
"1663","Spermophilus","Symphoricarpos","interactsWith"
"1664","Hesperotettix","Polygala","eats"
